id,area,square_feet,num_bedrooms,num_bathrooms,year_built,has_garage,price,rera_registered,rera_expiry_years,avg_rental_yield,estimated_monthly_rent,metro_distance_km,it_park_distance_km,avg_commute_time_min,locality_highlights_count,locality_issues_count,locality_net_score,down_payment,loan_amount,monthly_emi,min_monthly_income,min_annual_income,income_bracket
1,Koregaon Park,980,2,2,2026,1,18000000,1,1,4.39,65824,4.5,12.0,35,4,2,2,3600000,14400000,124966,312416,3748996,Executive (20-50L)
2,Koregaon Park,1572,4,4,2018,1,29800000,1,4,3.3,81915,4.5,12.0,35,4,2,2,5960000,23840000,206889,517222,6206671,Premium (50L+)
3,Koregaon Park,1500,3,3,2018,1,21000000,1,5,3.25,56882,4.5,12.0,35,4,2,2,4200000,16800000,145794,364485,4373829,Executive (20-50L)
4,Koregaon Park,1950,3,3,2019,1,75000000,1,2,3.31,206629,4.5,12.0,35,4,2,2,15000000,60000000,520693,1301734,15620818,Premium (50L+)
5,Koregaon Park,1400,3,3,2021,1,30000000,1,2,3.28,82063,4.5,12.0,35,4,2,2,6000000,24000000,208277,520693,6248327,Premium (50L+)
6,Koregaon Park,2665,3,3,2021,0,55000000,1,3,3.33,152544,4.5,12.0,35,4,2,2,11000000,44000000,381842,954605,11455266,Premium (50L+)
7,Koregaon Park,3761,4,4,2023,1,56000000,0,0,4.17,194787,4.5,12.0,35,4,2,2,11200000,44800000,388784,971962,11663544,Premium (50L+)
8,Koregaon Park,1650,3,3,2023,1,32500000,1,5,3.66,99174,4.5,12.0,35,4,2,2,6500000,26000000,225634,564085,6769021,Premium (50L+)
9,Koregaon Park,1600,3,3,2025,1,42500000,1,3,3.45,122215,4.5,12.0,35,4,2,2,8500000,34000000,295059,737649,8851796,Premium (50L+)
10,Koregaon Park,3000,4,5,2024,1,55000000,1,2,3.75,171802,4.5,12.0,35,4,2,2,11000000,44000000,381842,954605,11455266,Premium (50L+)
11,Koregaon Park,1000,2,2,2021,1,15000000,1,2,3.79,47376,4.5,12.0,35,4,2,2,3000000,12000000,104138,260346,3124163,Executive (20-50L)
12,Koregaon Park,2000,3,3,2024,1,37500000,1,2,4.16,129886,4.5,12.0,35,4,2,2,7500000,30000000,260346,650867,7810409,Premium (50L+)
13,Koregaon Park,950,2,2,2024,0,12500000,1,3,3.82,39744,4.5,12.0,35,4,2,2,2500000,10000000,86782,216955,2603469,Executive (20-50L)
14,Koregaon Park,3500,4,4,2018,1,60000000,1,3,2.82,140915,4.5,12.0,35,4,2,2,12000000,48000000,416555,1041387,12496654,Premium (50L+)
15,Koregaon Park,1800,3,3,2018,1,31000000,1,2,3.24,83749,4.5,12.0,35,4,2,2,6200000,24800000,215220,538050,6456604,Premium (50L+)
16,Koregaon Park,900,2,2,2026,1,11500000,1,5,3.46,33180,4.5,12.0,35,4,2,2,2300000,9200000,79839,199599,2395192,Executive (20-50L)
17,Koregaon Park,1700,3,3,2025,0,29000000,1,3,3.57,86224,4.5,12.0,35,4,2,2,5800000,23200000,201334,503337,6040049,Premium (50L+)
18,Koregaon Park,3200,4,5,2021,1,52500000,1,5,3.02,131953,4.5,12.0,35,4,2,2,10500000,42000000,364485,911214,10934572,Premium (50L+)
19,Koregaon Park,5500,5,5,2022,1,70000000,1,4,3.83,223648,4.5,12.0,35,4,2,2,14000000,56000000,485981,1214952,14579430,Premium (50L+)
20,Koregaon Park,3000,4,4,2024,0,98500000,1,1,3.99,327857,4.5,12.0,35,4,2,2,19700000,78800000,683844,1709611,20515341,Premium (50L+)
21,Koregaon Park,950,2,3,2024,1,7000000,1,2,3.65,21312,4.5,12.0,35,4,2,2,1400000,5600000,48598,121495,1457943,Senior Level (10-20L)
22,Koregaon Park,1600,3,3,2018,1,25000000,1,5,4.04,84248,4.5,12.0,35,4,2,2,5000000,20000000,173564,433911,5206939,Premium (50L+)
23,Koregaon Park,1650,3,3,2025,0,28500000,0,0,3.43,81503,4.5,12.0,35,4,2,2,5700000,22800000,197863,494659,5935910,Premium (50L+)
24,Koregaon Park,1350,3,4,2021,1,24500000,1,3,3.81,77872,4.5,12.0,35,4,2,2,4900000,19600000,170093,425233,5102800,Premium (50L+)
25,Koregaon Park,1500,3,3,2022,1,27500000,1,4,3.82,87491,4.5,12.0,35,4,2,2,5500000,22000000,190921,477302,5727633,Premium (50L+)
26,Koregaon Park,1000,2,2,2022,1,12500000,1,1,3.99,41593,4.5,12.0,35,4,2,2,2500000,10000000,86782,216955,2603469,Executive (20-50L)
27,Koregaon Park,1800,3,3,2021,1,31000000,0,0,3.5,90422,4.5,12.0,35,4,2,2,6200000,24800000,215220,538050,6456604,Premium (50L+)
28,Koregaon Park,900,2,2,2026,0,11000000,1,2,3.63,33232,4.5,12.0,35,4,2,2,2200000,8800000,76368,190921,2291053,Executive (20-50L)
29,Koregaon Park,1100,2,2,2021,1,14000000,1,1,3.56,41506,4.5,12.0,35,4,2,2,2800000,11200000,97196,242990,2915886,Executive (20-50L)
30,Koregaon Park,1500,3,3,2024,0,26000000,1,2,3.8,82292,4.5,12.0,35,4,2,2,5200000,20800000,180507,451268,5415216,Premium (50L+)
31,Koregaon Park,2500,4,4,2018,1,45000000,1,1,3.59,134786,4.5,12.0,35,4,2,2,9000000,36000000,312416,781040,9372490,Premium (50L+)
32,Koregaon Park,2000,3,3,2025,1,35000000,1,3,3.82,111374,4.5,12.0,35,4,2,2,7000000,28000000,242990,607476,7289715,Premium (50L+)
33,Koregaon Park,1400,3,3,2026,1,22500000,1,4,3.56,66793,4.5,12.0,35,4,2,2,4500000,18000000,156208,390520,4686245,Executive (20-50L)
34,Koregaon Park,1050,2,2,2020,0,13000000,1,5,3.26,35337,4.5,12.0,35,4,2,2,2600000,10400000,90253,225634,2707608,Executive (20-50L)
35,Koregaon Park,1700,3,3,2022,1,29000000,1,1,3.68,88867,4.5,12.0,35,4,2,2,5800000,23200000,201334,503337,6040049,Premium (50L+)
36,Koregaon Park,1450,3,4,2022,1,24000000,1,4,3.92,78472,4.5,12.0,35,4,2,2,4800000,19200000,166622,416555,4998661,Executive (20-50L)
37,Koregaon Park,950,2,2,2019,1,11500000,1,5,2.94,28199,4.5,12.0,35,4,2,2,2300000,9200000,79839,199599,2395192,Executive (20-50L)
38,Koregaon Park,1850,3,3,2021,1,32000000,1,2,2.86,76275,4.5,12.0,35,4,2,2,6400000,25600000,222162,555406,6664882,Premium (50L+)
39,Koregaon Park,1600,3,3,2022,1,27000000,1,5,3.7,83140,4.5,12.0,35,4,2,2,5400000,21600000,187449,468624,5623494,Premium (50L+)
40,Koregaon Park,3000,4,5,2021,0,52500000,1,2,3.5,153216,4.5,12.0,35,4,2,2,10500000,42000000,364485,911214,10934572,Premium (50L+)
41,Koregaon Park,1550,3,4,2019,1,25500000,1,4,3.48,73874,4.5,12.0,35,4,2,2,5100000,20400000,177035,442589,5311078,Premium (50L+)
42,Koregaon Park,1000,2,2,2026,0,13500000,0,0,3.93,44207,4.5,12.0,35,4,2,2,2700000,10800000,93724,234312,2811747,Executive (20-50L)
43,Koregaon Park,1750,3,3,2023,1,30000000,1,3,3.77,94334,4.5,12.0,35,4,2,2,6000000,24000000,208277,520693,6248327,Premium (50L+)
44,Koregaon Park,1350,3,4,2024,1,23500000,1,3,4.09,79999,4.5,12.0,35,4,2,2,4700000,18800000,163150,407876,4894523,Executive (20-50L)
45,Koregaon Park,850,2,3,2023,1,10500000,1,5,3.72,32516,4.5,12.0,35,4,2,2,2100000,8400000,72897,182242,2186914,Executive (20-50L)
46,Koregaon Park,1900,3,4,2023,0,33000000,1,3,3.43,94439,4.5,12.0,35,4,2,2,6600000,26400000,229105,572763,6873160,Premium (50L+)
47,Koregaon Park,1650,3,3,2018,1,28000000,1,5,3.53,82270,4.5,12.0,35,4,2,2,5600000,22400000,194392,485981,5831772,Premium (50L+)
48,Koregaon Park,950,2,2,2025,0,12000000,1,3,3.12,31239,4.5,12.0,35,4,2,2,2400000,9600000,83311,208277,2499330,Executive (20-50L)
49,Koregaon Park,2700,4,4,2022,0,47500000,1,2,3.1,122601,4.5,12.0,35,4,2,2,9500000,38000000,329772,824432,9893184,Premium (50L+)
50,Koregaon Park,1500,3,3,2022,0,26500000,1,5,3.75,82872,4.5,12.0,35,4,2,2,5300000,21200000,183978,459946,5519355,Premium (50L+)
51,Koregaon Park,1950,3,3,2020,0,34000000,1,3,3.36,95268,4.5,12.0,35,4,2,2,6800000,27200000,236047,590119,7081437,Premium (50L+)
52,Koregaon Park,920,2,2,2019,1,11200000,1,5,3.15,29430,4.5,12.0,35,4,2,2,2240000,8960000,77756,194392,2332708,Executive (20-50L)
53,Koregaon Park,1420,3,3,2026,1,24800000,1,4,3.54,73111,4.5,12.0,35,4,2,2,4960000,19840000,172176,430440,5165283,Premium (50L+)
54,Koregaon Park,1820,3,3,2018,1,31500000,1,3,3.44,90239,4.5,12.0,35,4,2,2,6300000,25200000,218691,546728,6560743,Premium (50L+)
55,Koregaon Park,3200,4,4,2020,1,55000000,1,2,3.93,180156,4.5,12.0,35,4,2,2,11000000,44000000,381842,954605,11455266,Premium (50L+)
56,Koregaon Park,1680,3,4,2019,1,29500000,1,2,3.31,81338,4.5,12.0,35,4,2,2,5900000,23600000,204806,512015,6144188,Premium (50L+)
57,Koregaon Park,1020,2,2,2020,1,12800000,1,5,3.86,41175,4.5,12.0,35,4,2,2,2560000,10240000,88865,222162,2665952,Executive (20-50L)
58,Koregaon Park,1380,3,4,2026,1,22000000,1,3,3.77,69076,4.5,12.0,35,4,2,2,4400000,17600000,152736,381842,4582106,Executive (20-50L)
59,Koregaon Park,2100,3,3,2018,1,36000000,1,2,3.76,112761,4.5,12.0,35,4,2,2,7200000,28800000,249933,624832,7497992,Premium (50L+)
60,Koregaon Park,880,2,3,2025,1,10800000,1,2,4.06,36572,4.5,12.0,35,4,2,2,2160000,8640000,74979,187449,2249397,Executive (20-50L)
61,Koregaon Park,1620,3,3,2021,0,28800000,1,2,3.96,94963,4.5,12.0,35,4,2,2,5760000,23040000,199946,499866,5998394,Premium (50L+)
62,Koregaon Park,2800,4,4,2023,1,49000000,1,3,4.34,177336,4.5,12.0,35,4,2,2,9800000,39200000,340186,850466,10205601,Premium (50L+)
63,Koregaon Park,1480,3,4,2025,1,25200000,1,2,4.02,84349,4.5,12.0,35,4,2,2,5040000,20160000,174953,437382,5248594,Premium (50L+)
64,Koregaon Park,960,2,3,2024,0,11800000,1,3,3.87,38028,4.5,12.0,35,4,2,2,2360000,9440000,81922,204806,2457675,Executive (20-50L)
65,Koregaon Park,1780,3,3,2023,1,30500000,1,5,4.14,105141,4.5,12.0,35,4,2,2,6100000,24400000,211748,529372,6352466,Premium (50L+)
66,Koregaon Park,1410,3,3,2019,0,24200000,1,4,2.88,58036,4.5,12.0,35,4,2,2,4840000,19360000,168010,420026,5040317,Premium (50L+)
67,Koregaon Park,980,2,2,2025,1,12200000,1,5,3.53,35865,4.5,12.0,35,4,2,2,2440000,9760000,84699,211748,2540986,Executive (20-50L)
68,Koregaon Park,2900,4,4,2026,1,51000000,1,4,3.69,156912,4.5,12.0,35,4,2,2,10200000,40800000,354071,885179,10622156,Premium (50L+)
69,Koregaon Park,1580,3,3,2026,0,27799999,1,1,3.67,84936,4.5,12.0,35,4,2,2,5559999,22239999,193003,482509,5790116,Premium (50L+)
70,Koregaon Park,1920,3,3,2025,1,33500000,1,5,4.2,117386,4.5,12.0,35,4,2,2,6700000,26800000,232576,581441,6977298,Premium (50L+)
71,Koregaon Park,930,2,3,2018,0,11399999,1,1,3.36,31909,4.5,12.0,35,4,2,2,2279999,9119999,79145,197863,2374364,Executive (20-50L)
72,Koregaon Park,1520,3,3,2020,1,26200000,1,2,3.82,83471,4.5,12.0,35,4,2,2,5240000,20960000,181895,454739,5456872,Premium (50L+)
73,Koregaon Park,1360,3,3,2020,1,22200000,1,2,3.74,69156,4.5,12.0,35,4,2,2,4440000,17760000,154125,385313,4623762,Executive (20-50L)
74,Koregaon Park,840,2,2,2023,1,10200000,1,3,3.67,31229,4.5,12.0,35,4,2,2,2040000,8160000,70814,177035,2124431,Executive (20-50L)
75,Koregaon Park,2050,3,4,2026,1,35500000,1,2,3.75,110947,4.5,12.0,35,4,2,2,7100000,28400000,246461,616154,7393853,Premium (50L+)
76,Koregaon Park,3400,4,4,2021,1,58000000,1,2,3.78,182726,4.5,12.0,35,4,2,2,11600000,46400000,402669,1006674,12080099,Premium (50L+)
77,Koregaon Park,1660,3,3,2020,1,29200000,1,4,3.61,87828,4.5,12.0,35,4,2,2,5840000,23360000,202723,506808,6081705,Premium (50L+)
78,Koregaon Park,1010,2,2,2019,1,12600000,1,3,3.58,37581,4.5,12.0,35,4,2,2,2520000,10080000,87476,218691,2624297,Executive (20-50L)
79,Koregaon Park,1440,3,3,2022,1,23800000,1,2,4.24,84043,4.5,12.0,35,4,2,2,4760000,19040000,165233,413083,4957006,Executive (20-50L)
80,Koregaon Park,1810,3,3,2024,1,31200000,1,1,3.26,84750,4.5,12.0,35,4,2,2,6240000,24960000,216608,541521,6498260,Premium (50L+)
81,Koregaon Park,970,2,3,2018,1,11600000,1,5,2.73,26347,4.5,12.0,35,4,2,2,2320000,9280000,80533,201334,2416019,Executive (20-50L)
82,Koregaon Park,1560,3,3,2025,1,27200000,1,2,4.27,96879,4.5,12.0,35,4,2,2,5440000,21760000,188838,472095,5665150,Premium (50L+)
83,Koregaon Park,2850,4,4,2026,1,50000000,1,2,3.03,126175,4.5,12.0,35,4,2,2,10000000,40000000,347129,867823,10413878,Premium (50L+)
84,Koregaon Park,1530,3,3,2023,0,25800000,1,3,3.05,65507,4.5,12.0,35,4,2,2,5160000,20640000,179118,447796,5373561,Premium (50L+)
85,Koregaon Park,1860,3,4,2024,1,32200000,1,1,3.2,85951,4.5,12.0,35,4,2,2,6440000,25760000,223551,558878,6706537,Premium (50L+)
86,Koregaon Park,860,2,3,2025,0,10600000,1,3,3.56,31452,4.5,12.0,35,4,2,2,2120000,8480000,73591,183978,2207742,Executive (20-50L)
87,Koregaon Park,1430,3,4,2024,1,22799999,1,4,3.92,74429,4.5,12.0,35,4,2,2,4559999,18239999,158290,395727,4748728,Executive (20-50L)
88,Koregaon Park,1980,3,3,2021,1,34500000,1,1,3.62,103933,4.5,12.0,35,4,2,2,6900000,27600000,239519,598798,7185576,Premium (50L+)
89,Koregaon Park,990,2,2,2020,0,12400000,1,5,3.45,35608,4.5,12.0,35,4,2,2,2480000,9920000,86088,215220,2582641,Executive (20-50L)
90,Koregaon Park,1640,3,4,2021,0,28200000,1,4,3.81,89605,4.5,12.0,35,4,2,2,5640000,22560000,195780,489452,5873427,Premium (50L+)
91,Koregaon Park,3100,4,4,2026,1,54000000,1,5,3.65,164447,4.5,12.0,35,4,2,2,10800000,43200000,374899,937249,11246989,Premium (50L+)
92,Koregaon Park,1490,3,3,2022,1,24600000,1,4,3.81,78097,4.5,12.0,35,4,2,2,4920000,19680000,170787,426969,5123628,Premium (50L+)
93,Koregaon Park,910,2,2,2025,1,11100000,1,5,3.58,33142,4.5,12.0,35,4,2,2,2220000,8880000,77062,192656,2311881,Executive (20-50L)
94,Koregaon Park,1790,3,3,2026,1,30800000,1,1,3.72,95487,4.5,12.0,35,4,2,2,6160000,24640000,213831,534579,6414949,Premium (50L+)
95,Koregaon Park,1570,3,3,2025,1,26800000,1,4,3.88,86568,4.5,12.0,35,4,2,2,5360000,21440000,186061,465153,5581839,Premium (50L+)
96,Koregaon Park,1040,2,3,2019,1,13200000,1,4,3.78,41540,4.5,12.0,35,4,2,2,2640000,10560000,91642,229105,2749264,Executive (20-50L)
97,Koregaon Park,1460,3,3,2020,0,23200000,1,3,3.42,66110,4.5,12.0,35,4,2,2,4640000,18560000,161067,402669,4832039,Executive (20-50L)
98,Koregaon Park,2950,4,4,2026,1,51500000,1,2,4.04,173408,4.5,12.0,35,4,2,2,10300000,41200000,357543,893857,10726295,Premium (50L+)
99,Koregaon Park,1720,3,4,2025,0,29800000,1,4,3.47,86105,4.5,12.0,35,4,2,2,5960000,23840000,206889,517222,6206671,Premium (50L+)
100,Koregaon Park,1880,3,3,2021,0,32799999,1,5,3.81,104234,4.5,12.0,35,4,2,2,6559999,26239999,227716,569292,6831504,Premium (50L+)
101,Koregaon Park,985,2,2,2021,1,11900000,0,0,3.85,38169,4.5,12.0,35,4,2,2,2380000,9520000,82616,206541,2478503,Executive (20-50L)
102,Koregaon Park,1510,3,3,2018,1,25299999,1,3,3.74,78793,4.5,12.0,35,4,2,2,5059999,20239999,175647,439118,5269422,Premium (50L+)
103,Koregaon Park,1370,3,3,2022,1,22100000,1,3,3.96,72881,4.5,12.0,35,4,2,2,4420000,17680000,153431,383577,4602934,Executive (20-50L)
104,Koregaon Park,890,2,2,2026,0,10900000,1,2,3.12,28331,4.5,12.0,35,4,2,2,2180000,8720000,75674,189185,2270225,Executive (20-50L)
105,Koregaon Park,2020,3,4,2025,1,35200000,1,3,4.19,122856,4.5,12.0,35,4,2,2,7040000,28160000,244379,610947,7331370,Premium (50L+)
106,Koregaon Park,3300,4,4,2026,0,57000000,1,5,3.44,163168,4.5,12.0,35,4,2,2,11400000,45600000,395727,989318,11871821,Premium (50L+)
107,Koregaon Park,1670,3,3,2020,1,28900000,1,3,4.06,97775,4.5,12.0,35,4,2,2,5780000,23120000,200640,501601,6019221,Premium (50L+)
108,Koregaon Park,1015,2,2,2023,1,12700000,1,1,4.04,42745,4.5,12.0,35,4,2,2,2540000,10160000,88170,220427,2645125,Executive (20-50L)
109,Koregaon Park,1445,3,3,2018,1,23900000,1,3,3.25,64781,4.5,12.0,35,4,2,2,4780000,19120000,165927,414819,4977834,Executive (20-50L)
110,Koregaon Park,1815,3,4,2026,1,31300000,1,2,4.3,112059,4.5,12.0,35,4,2,2,6260000,25040000,217302,543257,6519088,Premium (50L+)
111,Koregaon Park,975,2,2,2018,1,11700000,1,4,3.54,34537,4.5,12.0,35,4,2,2,2340000,9360000,81228,203070,2436847,Executive (20-50L)
112,Koregaon Park,1565,3,4,2026,1,27300000,1,3,4.26,96917,4.5,12.0,35,4,2,2,5460000,21840000,189532,473831,5685977,Premium (50L+)
113,Koregaon Park,2880,4,4,2023,1,50500000,1,3,4.21,177368,4.5,12.0,35,4,2,2,10100000,40400000,350600,876501,10518017,Premium (50L+)
114,Koregaon Park,1535,3,3,2026,1,25900000,1,1,3.55,76661,4.5,12.0,35,4,2,2,5180000,20720000,179812,449532,5394389,Premium (50L+)
115,Koregaon Park,1865,3,3,2019,1,32300000,1,2,3.98,107145,4.5,12.0,35,4,2,2,6460000,25840000,224245,560613,6727365,Premium (50L+)
116,Koregaon Park,865,2,3,2020,1,10700000,1,4,3.66,32671,4.5,12.0,35,4,2,2,2140000,8560000,74285,185714,2228570,Executive (20-50L)
117,Koregaon Park,1435,3,3,2020,0,22900000,1,3,3.84,73367,4.5,12.0,35,4,2,2,4580000,18320000,158985,397463,4769556,Executive (20-50L)
118,Koregaon Park,1985,3,3,2021,0,34600000,1,3,3.63,104726,4.5,12.0,35,4,2,2,6920000,27680000,240213,600533,7206404,Premium (50L+)
119,Koregaon Park,995,2,2,2023,1,12300000,1,3,3.6,36899,4.5,12.0,35,4,2,2,2460000,9840000,85393,213484,2561814,Executive (20-50L)
120,Koregaon Park,1645,3,4,2026,0,28300000,1,5,3.48,82117,4.5,12.0,35,4,2,2,5660000,22640000,196475,491187,5894255,Premium (50L+)
121,Koregaon Park,3050,4,5,2023,1,53500000,1,3,3.27,145645,4.5,12.0,35,4,2,2,10700000,42800000,371428,928570,11142850,Premium (50L+)
122,Koregaon Park,1495,3,3,2023,1,24700000,1,4,3.43,70617,4.5,12.0,35,4,2,2,4940000,19760000,171481,428704,5144456,Premium (50L+)
123,Koregaon Park,915,2,2,2018,1,11200000,1,3,3.28,30633,4.5,12.0,35,4,2,2,2240000,8960000,77756,194392,2332708,Executive (20-50L)
124,Koregaon Park,1795,3,3,2022,0,30900000,1,4,4.37,112467,4.5,12.0,35,4,2,2,6180000,24720000,214525,536314,6435777,Premium (50L+)
125,Koregaon Park,1575,3,3,2026,0,26900000,0,0,3.57,79999,4.5,12.0,35,4,2,2,5380000,21520000,186755,466888,5602666,Premium (50L+)
126,Koregaon Park,1045,2,3,2018,0,13300000,1,3,3.03,33588,4.5,12.0,35,4,2,2,2660000,10640000,92336,230840,2770091,Executive (20-50L)
127,Koregaon Park,1465,3,3,2018,0,23300000,1,3,3.13,60698,4.5,12.0,35,4,2,2,4660000,18640000,161762,404405,4852867,Executive (20-50L)
128,Koregaon Park,2980,4,4,2020,0,52000000,1,2,3.4,147295,4.5,12.0,35,4,2,2,10400000,41600000,361014,902536,10830433,Premium (50L+)
129,Koregaon Park,1730,3,3,2020,0,29900000,1,2,2.8,69887,4.5,12.0,35,4,2,2,5980000,23920000,207583,518958,6227499,Premium (50L+)
130,Koregaon Park,1890,3,3,2026,1,32900000,1,2,3.72,102118,4.5,12.0,35,4,2,2,6580000,26320000,228411,571027,6852332,Premium (50L+)
131,Koregaon Park,990,2,2,2019,1,12000000,1,2,3.56,35633,4.5,12.0,35,4,2,2,2400000,9600000,83311,208277,2499330,Executive (20-50L)
132,Koregaon Park,1515,3,3,2019,1,25400000,1,2,3.55,75056,4.5,12.0,35,4,2,2,5080000,20320000,176341,440854,5290250,Premium (50L+)
133,Koregaon Park,1375,3,3,2021,1,22000000,1,2,3.3,60488,4.5,12.0,35,4,2,2,4400000,17600000,152736,381842,4582106,Executive (20-50L)
134,Koregaon Park,895,2,3,2022,1,11000000,1,3,3.63,33277,4.5,12.0,35,4,2,2,2200000,8800000,76368,190921,2291053,Executive (20-50L)
135,Koregaon Park,2030,3,3,2023,1,35300000,1,4,4.06,119353,4.5,12.0,35,4,2,2,7060000,28240000,245073,612683,7352198,Premium (50L+)
136,Koregaon Park,3250,4,4,2020,0,56000000,1,2,3.87,180619,4.5,12.0,35,4,2,2,11200000,44800000,388784,971962,11663544,Premium (50L+)
137,Koregaon Park,1680,3,3,2022,0,29000000,1,2,3.55,85774,4.5,12.0,35,4,2,2,5800000,23200000,201334,503337,6040049,Premium (50L+)
138,Koregaon Park,1025,2,3,2024,0,12800000,1,3,3.39,36161,4.5,12.0,35,4,2,2,2560000,10240000,88865,222162,2665952,Executive (20-50L)
139,Koregaon Park,1455,3,3,2025,0,24000000,1,2,3.34,66723,4.5,12.0,35,4,2,2,4800000,19200000,166622,416555,4998661,Executive (20-50L)
140,Koregaon Park,1825,3,3,2025,0,31400000,0,0,3.16,82694,4.5,12.0,35,4,2,2,6280000,25120000,217997,544992,6539915,Premium (50L+)
141,Koregaon Park,980,2,2,2026,0,11800000,1,5,3.31,32583,4.5,12.0,35,4,2,2,2360000,9440000,81922,204806,2457675,Executive (20-50L)
142,Koregaon Park,1575,3,3,2026,0,27400000,1,1,3.6,82121,4.5,12.0,35,4,2,2,5480000,21920000,190226,475567,5706805,Premium (50L+)
143,Koregaon Park,1545,3,3,2026,1,26000000,1,3,3.93,85242,4.5,12.0,35,4,2,2,5200000,20800000,180507,451268,5415216,Premium (50L+)
144,Koregaon Park,1875,3,3,2024,1,32400000,1,4,3.61,97533,4.5,12.0,35,4,2,2,6480000,25920000,224939,562349,6748193,Premium (50L+)
145,Koregaon Park,875,2,2,2018,1,10800000,1,3,3.41,30681,4.5,12.0,35,4,2,2,2160000,8640000,74979,187449,2249397,Executive (20-50L)
146,Koregaon Park,1445,3,3,2024,1,23000000,1,2,2.76,52947,4.5,12.0,35,4,2,2,4600000,18400000,159679,399198,4790384,Executive (20-50L)
147,Koregaon Park,1995,3,3,2019,1,34700000,0,0,3.34,96649,4.5,12.0,35,4,2,2,6940000,27760000,240907,602269,7227231,Premium (50L+)
148,Koregaon Park,1005,2,2,2025,1,12200000,1,2,3.23,32799,4.5,12.0,35,4,2,2,2440000,9760000,84699,211748,2540986,Executive (20-50L)
149,Koregaon Park,1655,3,3,2024,1,28400000,1,1,3.87,91564,4.5,12.0,35,4,2,2,5680000,22720000,197169,492923,5915083,Premium (50L+)
150,Koregaon Park,3150,4,5,2024,1,55000000,1,2,3.79,173596,4.5,12.0,35,4,2,2,11000000,44000000,381842,954605,11455266,Premium (50L+)
151,Koregaon Park,1505,3,4,2024,0,24800000,1,2,3.42,70774,4.5,12.0,35,4,2,2,4960000,19840000,172176,430440,5165283,Premium (50L+)
152,Koregaon Park,925,2,3,2024,0,11100000,1,3,2.84,26275,4.5,12.0,35,4,2,2,2220000,8880000,77062,192656,2311881,Executive (20-50L)
153,Koregaon Park,1805,3,3,2023,1,31000000,0,0,3.8,98272,4.5,12.0,35,4,2,2,6200000,24800000,215220,538050,6456604,Premium (50L+)
154,Koregaon Park,1585,3,4,2022,1,27000000,1,5,3.94,88623,4.5,12.0,35,4,2,2,5400000,21600000,187449,468624,5623494,Premium (50L+)
155,Koregaon Park,1055,2,2,2025,1,13400000,1,3,3.82,42651,4.5,12.0,35,4,2,2,2680000,10720000,93030,232576,2790919,Executive (20-50L)
156,Koregaon Park,1475,3,3,2026,1,23400000,1,1,3.84,74879,4.5,12.0,35,4,2,2,4680000,18720000,162456,406141,4873695,Executive (20-50L)
157,Koregaon Park,3020,4,4,2026,1,52500000,1,4,3.61,157751,4.5,12.0,35,4,2,2,10500000,42000000,364485,911214,10934572,Premium (50L+)
158,Koregaon Park,1740,3,3,2025,1,30000000,1,1,3.6,89875,4.5,12.0,35,4,2,2,6000000,24000000,208277,520693,6248327,Premium (50L+)
159,Koregaon Park,1000,2,3,2018,1,12100000,1,5,3.11,31321,4.5,12.0,35,4,2,2,2420000,9680000,84005,210013,2520158,Executive (20-50L)
160,Koregaon Park,1525,3,3,2018,1,25500000,0,0,2.98,63379,4.5,12.0,35,4,2,2,5100000,20400000,177035,442589,5311078,Premium (50L+)
161,Koregaon Park,1385,3,3,2023,1,22100000,1,4,3.88,71446,4.5,12.0,35,4,2,2,4420000,17680000,153431,383577,4602934,Executive (20-50L)
162,Koregaon Park,905,2,2,2025,1,11100000,1,3,3.57,33063,4.5,12.0,35,4,2,2,2220000,8880000,77062,192656,2311881,Executive (20-50L)
163,Koregaon Park,2040,3,3,2024,0,35400000,1,2,3.37,99274,4.5,12.0,35,4,2,2,7080000,28320000,245767,614418,7373026,Premium (50L+)
164,Koregaon Park,3350,4,4,2021,1,57500000,1,2,3.77,180578,4.5,12.0,35,4,2,2,11500000,46000000,399198,997996,11975960,Premium (50L+)
165,Koregaon Park,1690,3,3,2024,1,29100000,1,1,3.43,83290,4.5,12.0,35,4,2,2,5820000,23280000,202029,505073,6060877,Premium (50L+)
166,Koregaon Park,1035,2,2,2019,1,12900000,0,0,3.64,39172,4.5,12.0,35,4,2,2,2580000,10320000,89559,223898,2686780,Executive (20-50L)
167,Koregaon Park,1465,3,4,2025,1,24100000,1,5,3.35,67261,4.5,12.0,35,4,2,2,4820000,19280000,167316,418290,5019489,Premium (50L+)
168,Koregaon Park,1835,3,3,2021,0,31500000,1,3,3.88,101980,4.5,12.0,35,4,2,2,6300000,25200000,218691,546728,6560743,Premium (50L+)
169,Koregaon Park,990,2,2,2026,1,11900000,1,4,3.86,38254,4.5,12.0,35,4,2,2,2380000,9520000,82616,206541,2478503,Executive (20-50L)
170,Koregaon Park,1585,3,4,2026,1,27500000,1,5,3.05,69965,4.5,12.0,35,4,2,2,5500000,22000000,190921,477302,5727633,Premium (50L+)
171,Koregaon Park,1555,3,4,2019,1,26100000,1,3,3.81,82836,4.5,12.0,35,4,2,2,5220000,20880000,181201,453003,5436044,Premium (50L+)
172,Koregaon Park,1885,3,4,2020,1,32500000,1,3,3.63,98344,4.5,12.0,35,4,2,2,6500000,26000000,225634,564085,6769021,Premium (50L+)
173,Koregaon Park,885,2,2,2025,0,10900000,1,2,3.7,33575,4.5,12.0,35,4,2,2,2180000,8720000,75674,189185,2270225,Executive (20-50L)
174,Koregaon Park,1455,3,4,2024,1,23100000,1,2,3.3,63491,4.5,12.0,35,4,2,2,4620000,18480000,160373,400934,4811212,Executive (20-50L)
175,Koregaon Park,2005,3,3,2018,0,34800000,1,5,3.48,100971,4.5,12.0,35,4,2,2,6960000,27840000,241601,604004,7248059,Premium (50L+)
176,Koregaon Park,1015,2,3,2026,1,12100000,1,3,3.98,40160,4.5,12.0,35,4,2,2,2420000,9680000,84005,210013,2520158,Executive (20-50L)
177,Koregaon Park,1665,3,3,2020,0,28500000,1,3,3.13,74378,4.5,12.0,35,4,2,2,5700000,22800000,197863,494659,5935910,Premium (50L+)
178,Koregaon Park,3200,4,4,2019,0,56500000,1,2,3.03,142842,4.5,12.0,35,4,2,2,11300000,45200000,392256,980640,11767683,Premium (50L+)
179,Koregaon Park,1515,3,3,2024,1,24900000,1,5,4.31,89435,4.5,12.0,35,4,2,2,4980000,19920000,172870,432175,5186111,Premium (50L+)
180,Koregaon Park,935,2,2,2021,0,11200000,1,2,3.78,35255,4.5,12.0,35,4,2,2,2240000,8960000,77756,194392,2332708,Executive (20-50L)
181,Koregaon Park,1815,3,3,2022,1,31100000,1,3,4.01,104045,4.5,12.0,35,4,2,2,6220000,24880000,215914,539786,6477432,Premium (50L+)
182,Koregaon Park,1595,3,3,2020,1,27100000,1,2,3.97,89664,4.5,12.0,35,4,2,2,5420000,21680000,188144,470360,5644322,Premium (50L+)
183,Koregaon Park,1065,2,2,2018,0,13500000,1,3,3.32,37347,4.5,12.0,35,4,2,2,2700000,10800000,93724,234312,2811747,Executive (20-50L)
184,Koregaon Park,1485,3,3,2019,1,23500000,1,2,3.77,73906,4.5,12.0,35,4,2,2,4700000,18800000,163150,407876,4894523,Executive (20-50L)
185,Koregaon Park,3080,4,4,2020,1,53000000,1,4,3.61,159546,4.5,12.0,35,4,2,2,10600000,42400000,367957,919892,11038711,Premium (50L+)
186,Koregaon Park,1750,3,3,2023,0,30099999,1,3,3.74,93931,4.5,12.0,35,4,2,2,6019999,24079999,208971,522429,6269154,Premium (50L+)
187,Koregaon Park,1910,3,3,2019,0,33100000,1,3,2.82,77700,4.5,12.0,35,4,2,2,6620000,26480000,229799,574498,6893987,Premium (50L+)
188,Koregaon Park,1010,2,2,2023,1,12200000,1,3,3.62,36801,4.5,12.0,35,4,2,2,2440000,9760000,84699,211748,2540986,Executive (20-50L)
189,Koregaon Park,1535,3,3,2026,1,25600000,0,0,4.08,87034,4.5,12.0,35,4,2,2,5120000,20480000,177730,444325,5331905,Premium (50L+)
190,Koregaon Park,1395,3,3,2025,0,22200000,1,5,3.11,57592,4.5,12.0,35,4,2,2,4440000,17760000,154125,385313,4623762,Executive (20-50L)
191,Koregaon Park,3450,4,4,2026,1,59000000,1,4,3.66,179857,4.5,12.0,35,4,2,2,11800000,47200000,409612,1024031,12288376,Premium (50L+)
192,Koregaon Park,1700,3,3,2026,1,29200000,1,1,3.82,92895,4.5,12.0,35,4,2,2,5840000,23360000,202723,506808,6081705,Premium (50L+)
193,Koregaon Park,1045,2,2,2021,1,13000000,1,3,3.7,40087,4.5,12.0,35,4,2,2,2600000,10400000,90253,225634,2707608,Executive (20-50L)
194,Koregaon Park,1475,3,3,2021,1,24200000,1,4,3.55,71555,4.5,12.0,35,4,2,2,4840000,19360000,168010,420026,5040317,Premium (50L+)
195,Koregaon Park,1845,3,3,2025,1,31600000,1,5,3.84,101048,4.5,12.0,35,4,2,2,6320000,25280000,219385,548464,6581571,Premium (50L+)
196,Koregaon Park,1000,2,2,2020,1,12000000,1,2,3.93,39268,4.5,12.0,35,4,2,2,2400000,9600000,83311,208277,2499330,Executive (20-50L)
197,Koregaon Park,1595,3,3,2018,1,27599999,1,2,2.78,64047,4.5,12.0,35,4,2,2,5519999,22079999,191615,479038,5748460,Premium (50L+)
198,Koregaon Park,3000,4,4,2019,0,52000000,1,4,3.68,159427,4.5,12.0,35,4,2,2,10400000,41600000,361014,902536,10830433,Premium (50L+)
199,Koregaon Park,1565,3,4,2025,1,26200000,1,3,4.09,89229,4.5,12.0,35,4,2,2,5240000,20960000,181895,454739,5456872,Premium (50L+)
200,Koregaon Park,1895,3,3,2019,0,32599999,1,2,3.08,83766,4.5,12.0,35,4,2,2,6519999,26079999,226328,565820,6789848,Premium (50L+)
201,Koregaon Park,1465,3,3,2023,1,23200000,1,3,3.48,67361,4.5,12.0,35,4,2,2,4640000,18560000,161067,402669,4832039,Executive (20-50L)
202,Koregaon Park,2015,3,3,2020,1,34900000,1,5,3.79,110316,4.5,12.0,35,4,2,2,6980000,27920000,242296,605740,7268887,Premium (50L+)
203,Koregaon Park,1025,2,2,2022,1,12000000,1,4,4.02,40189,4.5,12.0,35,4,2,2,2400000,9600000,83311,208277,2499330,Executive (20-50L)
204,Koregaon Park,1675,3,3,2018,1,28600000,1,2,3.06,72944,4.5,12.0,35,4,2,2,5720000,22880000,198557,496394,5956738,Premium (50L+)
205,Koregaon Park,3250,4,4,2025,1,58000000,1,2,4.02,194395,4.5,12.0,35,4,2,2,11600000,46400000,402669,1006674,12080099,Premium (50L+)
206,Koregaon Park,1525,3,3,2019,1,25000000,1,5,3.13,65239,4.5,12.0,35,4,2,2,5000000,20000000,173564,433911,5206939,Premium (50L+)
207,Koregaon Park,945,2,2,2023,1,11399999,1,5,3.51,33380,4.5,12.0,35,4,2,2,2279999,9119999,79145,197863,2374364,Executive (20-50L)
208,Koregaon Park,1825,3,3,2020,1,31200000,1,4,4.24,110348,4.5,12.0,35,4,2,2,6240000,24960000,216608,541521,6498260,Premium (50L+)
209,Koregaon Park,1605,3,4,2018,1,27200000,1,1,3.55,80546,4.5,12.0,35,4,2,2,5440000,21760000,188838,472095,5665150,Premium (50L+)
210,Koregaon Park,1075,2,3,2025,1,13600000,1,5,3.82,43291,4.5,12.0,35,4,2,2,2720000,10880000,94419,236047,2832575,Executive (20-50L)
211,Koregaon Park,1495,3,3,2020,1,23600000,1,3,3.79,74477,4.5,12.0,35,4,2,2,4720000,18880000,163845,409612,4915350,Executive (20-50L)
212,Koregaon Park,3120,4,4,2020,0,53500000,0,0,3.15,140220,4.5,12.0,35,4,2,2,10700000,42800000,371428,928570,11142850,Premium (50L+)
213,Koregaon Park,1760,3,3,2022,1,30200000,1,2,3.49,87871,4.5,12.0,35,4,2,2,6040000,24160000,209666,524165,6289982,Premium (50L+)
214,Koregaon Park,1920,3,3,2023,0,33200000,1,3,3.57,98765,4.5,12.0,35,4,2,2,6640000,26560000,230493,576234,6914815,Premium (50L+)
215,Koregaon Park,1020,2,2,2020,0,12300000,1,2,3.58,36670,4.5,12.0,35,4,2,2,2460000,9840000,85393,213484,2561814,Executive (20-50L)
216,Hinjewadi,768,2,3,2022,0,7520000,1,4,4.93,30879,2.0,0.5,15,4,2,2,1504000,6016000,52208,130520,1566247,Senior Level (10-20L)
217,Hinjewadi,1404,3,3,2024,0,17400000,1,3,4.78,69296,2.0,0.5,15,4,2,2,3480000,13920000,120800,302002,3624029,Executive (20-50L)
218,Hinjewadi,1388,3,3,2025,0,20500000,1,4,4.96,84698,2.0,0.5,15,4,2,2,4100000,16400000,142323,355807,4269690,Executive (20-50L)
219,Hinjewadi,803,2,3,2026,1,9080000,1,2,4.87,36860,2.0,0.5,15,4,2,2,1816000,7264000,63038,157596,1891160,Senior Level (10-20L)
220,Hinjewadi,1045,3,3,2019,1,10400000,1,2,4.44,38477,2.0,0.5,15,4,2,2,2080000,8320000,72202,180507,2166086,Executive (20-50L)
221,Hinjewadi,795,2,2,2020,1,10100000,1,3,5.28,44456,2.0,0.5,15,4,2,2,2020000,8080000,70120,175300,2103603,Executive (20-50L)
222,Hinjewadi,973,3,3,2020,1,12700000,1,3,4.55,48110,2.0,0.5,15,4,2,2,2540000,10160000,88170,220427,2645125,Executive (20-50L)
223,Hinjewadi,1060,3,3,2019,0,13200000,1,1,4.13,45456,2.0,0.5,15,4,2,2,2640000,10560000,91642,229105,2749264,Executive (20-50L)
224,Hinjewadi,1088,3,3,2022,1,13799999,1,5,4.19,48166,2.0,0.5,15,4,2,2,2759999,11039999,95807,239519,2874230,Executive (20-50L)
225,Hinjewadi,734,2,2,2024,0,8230000,1,4,4.25,29157,2.0,0.5,15,4,2,2,1646000,6584000,57137,142843,1714124,Senior Level (10-20L)
226,Hinjewadi,1198,3,4,2025,0,14900000,1,1,5.07,62949,2.0,0.5,15,4,2,2,2980000,11920000,103444,258611,3103335,Executive (20-50L)
227,Hinjewadi,973,3,4,2021,1,10600000,1,3,5.19,45806,2.0,0.5,15,4,2,2,2120000,8480000,73591,183978,2207742,Executive (20-50L)
228,Hinjewadi,846,2,2,2020,1,8750000,1,4,4.76,34724,2.0,0.5,15,4,2,2,1750000,7000000,60747,151869,1822428,Senior Level (10-20L)
229,Hinjewadi,1060,3,3,2021,0,10300000,1,4,5.23,44869,2.0,0.5,15,4,2,2,2060000,8240000,71508,178771,2145259,Executive (20-50L)
230,Hinjewadi,1082,3,3,2023,1,13400000,1,2,4.96,55409,2.0,0.5,15,4,2,2,2680000,10720000,93030,232576,2790919,Executive (20-50L)
231,Hinjewadi,1490,3,3,2025,1,17000000,1,4,5.07,71764,2.0,0.5,15,4,2,2,3400000,13600000,118023,295059,3540718,Executive (20-50L)
232,Hinjewadi,1041,3,3,2023,0,9140000,1,3,4.98,37958,2.0,0.5,15,4,2,2,1828000,7312000,63455,158638,1903657,Senior Level (10-20L)
233,Hinjewadi,989,3,3,2020,0,8970000,1,3,4.8,35898,2.0,0.5,15,4,2,2,1794000,7176000,62274,155687,1868249,Senior Level (10-20L)
234,Hinjewadi,767,2,2,2022,0,7930000,1,1,4.68,30897,2.0,0.5,15,4,2,2,1586000,6344000,55054,137636,1651641,Senior Level (10-20L)
235,Hinjewadi,1212,3,3,2024,0,14100000,0,0,4.27,50191,2.0,0.5,15,4,2,2,2820000,11280000,97890,244726,2936713,Executive (20-50L)
236,Hinjewadi,653,2,2,2022,0,7300000,1,1,4.47,27199,2.0,0.5,15,4,2,2,1460000,5840000,50680,126702,1520426,Senior Level (10-20L)
237,Hinjewadi,1330,3,3,2018,0,18000000,1,1,4.7,70509,2.0,0.5,15,4,2,2,3600000,14400000,124966,312416,3748996,Executive (20-50L)
238,Hinjewadi,963,3,3,2020,1,11800000,1,1,4.39,43126,2.0,0.5,15,4,2,2,2360000,9440000,81922,204806,2457675,Executive (20-50L)
239,Hinjewadi,933,3,3,2021,1,10300000,1,3,5.06,43422,2.0,0.5,15,4,2,2,2060000,8240000,71508,178771,2145259,Executive (20-50L)
240,Hinjewadi,805,2,3,2023,1,7150000,1,4,5.13,30562,2.0,0.5,15,4,2,2,1430000,5720000,49639,124098,1489184,Senior Level (10-20L)
241,Hinjewadi,621,2,2,2024,0,7400000,1,3,5.02,30958,2.0,0.5,15,4,2,2,1480000,5920000,51375,128437,1541254,Senior Level (10-20L)
242,Hinjewadi,795,2,2,2019,1,9900000,1,3,4.86,40122,2.0,0.5,15,4,2,2,1980000,7920000,68731,171829,2061948,Executive (20-50L)
243,Hinjewadi,900,2,2,2022,1,8140000,1,4,4.89,33162,2.0,0.5,15,4,2,2,1628000,6512000,56512,141281,1695379,Senior Level (10-20L)
244,Hinjewadi,768,2,2,2022,0,6790000,1,4,5.04,28513,2.0,0.5,15,4,2,2,1358000,5432000,47140,117850,1414204,Senior Level (10-20L)
245,Hinjewadi,970,3,3,2025,1,13200000,1,4,5.3,58265,2.0,0.5,15,4,2,2,2640000,10560000,91642,229105,2749264,Executive (20-50L)
246,Hinjewadi,856,2,2,2018,1,7700000,1,3,4.63,29728,2.0,0.5,15,4,2,2,1540000,6160000,53457,133644,1603737,Senior Level (10-20L)
247,Hinjewadi,758,2,2,2025,1,7850000,1,4,4.38,28656,2.0,0.5,15,4,2,2,1570000,6280000,54499,136248,1634978,Senior Level (10-20L)
248,Hinjewadi,710,2,2,2024,1,9050000,1,4,5.71,43096,2.0,0.5,15,4,2,2,1810000,7240000,62830,157076,1884912,Senior Level (10-20L)
249,Hinjewadi,1238,3,3,2018,0,10000000,1,3,4.39,36557,2.0,0.5,15,4,2,2,2000000,8000000,69425,173564,2082775,Executive (20-50L)
250,Hinjewadi,1272,3,3,2026,0,14500000,1,4,4.69,56728,2.0,0.5,15,4,2,2,2900000,11600000,100667,251668,3020024,Executive (20-50L)
251,Hinjewadi,679,2,2,2024,1,6450000,1,2,4.98,26784,2.0,0.5,15,4,2,2,1290000,5160000,44779,111949,1343390,Senior Level (10-20L)
252,Hinjewadi,529,2,2,2018,1,4840000,1,5,4.75,19148,2.0,0.5,15,4,2,2,968000,3872000,33602,84005,1008063,Senior Level (10-20L)
253,Hinjewadi,850,2,3,2022,1,9590000,1,1,4.9,39125,2.0,0.5,15,4,2,2,1918000,7672000,66579,166448,1997381,Senior Level (10-20L)
254,Hinjewadi,1150,3,3,2025,1,15600000,1,5,5.59,72623,2.0,0.5,15,4,2,2,3120000,12480000,108304,270760,3249130,Executive (20-50L)
255,Hinjewadi,1041,3,4,2019,1,11000000,1,3,4.81,44133,2.0,0.5,15,4,2,2,2200000,8800000,76368,190921,2291053,Executive (20-50L)
256,Hinjewadi,979,3,3,2023,1,11900000,1,3,4.39,43573,2.0,0.5,15,4,2,2,2380000,9520000,82616,206541,2478503,Executive (20-50L)
257,Hinjewadi,790,2,2,2024,1,8900000,1,3,4.91,36435,2.0,0.5,15,4,2,2,1780000,7120000,61789,154472,1853670,Senior Level (10-20L)
258,Hinjewadi,786,2,2,2026,0,8000000,1,2,4.72,31463,2.0,0.5,15,4,2,2,1600000,6400000,55540,138851,1666220,Senior Level (10-20L)
259,Hinjewadi,688,2,3,2020,0,6800000,1,4,4.84,27419,2.0,0.5,15,4,2,2,1360000,5440000,47209,118023,1416287,Senior Level (10-20L)
260,Hinjewadi,1201,3,3,2018,1,15300000,1,4,5.53,70564,2.0,0.5,15,4,2,2,3060000,12240000,106221,265553,3186646,Executive (20-50L)
261,Kharadi,950,2,2,2023,0,17000000,1,4,4.42,62579,6.0,0.5,12,4,2,2,3400000,13600000,118023,295059,3540718,Executive (20-50L)
262,Kharadi,754,2,2,2024,1,11500000,1,3,4.6,44073,6.0,0.5,12,4,2,2,2300000,9200000,79839,199599,2395192,Executive (20-50L)
263,Kharadi,1368,3,3,2018,1,23900000,1,2,4.0,79653,6.0,0.5,12,4,2,2,4780000,19120000,165927,414819,4977834,Executive (20-50L)
264,Kharadi,1200,3,3,2019,0,18500000,1,2,4.14,63852,6.0,0.5,12,4,2,2,3700000,14800000,128437,321094,3853135,Executive (20-50L)
265,Kharadi,800,2,3,2024,0,12000000,0,0,4.82,48217,6.0,0.5,12,4,2,2,2400000,9600000,83311,208277,2499330,Executive (20-50L)
266,Kharadi,950,2,2,2023,1,17500000,1,5,5.4,78725,6.0,0.5,12,4,2,2,3500000,14000000,121495,303738,3644857,Executive (20-50L)
267,Kharadi,2200,3,3,2023,1,44000000,1,2,4.57,167660,6.0,0.5,12,4,2,2,8800000,35200000,305473,763684,9164213,Premium (50L+)
268,Kharadi,1721,3,3,2021,1,37800000,1,4,4.59,144633,6.0,0.5,12,4,2,2,7560000,30240000,262429,656074,7872892,Premium (50L+)
269,Kharadi,1450,3,3,2019,1,24000000,1,5,4.34,86887,6.0,0.5,12,4,2,2,4800000,19200000,166622,416555,4998661,Executive (20-50L)
270,Kharadi,815,2,2,2024,0,11500000,1,4,4.34,41605,6.0,0.5,12,4,2,2,2300000,9200000,79839,199599,2395192,Executive (20-50L)
271,Kharadi,796,2,2,2024,1,13500000,1,2,4.48,50412,6.0,0.5,12,4,2,2,2700000,10800000,93724,234312,2811747,Executive (20-50L)
272,Kharadi,1000,2,2,2025,1,12000000,1,2,4.76,47621,6.0,0.5,12,4,2,2,2400000,9600000,83311,208277,2499330,Executive (20-50L)
273,Kharadi,1500,3,3,2022,0,25000000,1,2,4.81,100206,6.0,0.5,12,4,2,2,5000000,20000000,173564,433911,5206939,Premium (50L+)
274,Kharadi,970,2,3,2020,1,12000000,1,2,4.24,42410,6.0,0.5,12,4,2,2,2400000,9600000,83311,208277,2499330,Executive (20-50L)
275,Kharadi,950,3,4,2020,1,11000000,1,2,4.47,40993,6.0,0.5,12,4,2,2,2200000,8800000,76368,190921,2291053,Executive (20-50L)
276,Kharadi,1215,3,4,2025,1,17500000,1,5,4.66,67892,6.0,0.5,12,4,2,2,3500000,14000000,121495,303738,3644857,Executive (20-50L)
277,Kharadi,1324,3,4,2019,0,16399999,1,3,4.05,55334,6.0,0.5,12,4,2,2,3279999,13119999,113858,284646,3415752,Executive (20-50L)
278,Kharadi,1250,3,3,2018,0,21500000,1,3,4.45,79650,6.0,0.5,12,4,2,2,4300000,17200000,149265,373163,4477967,Executive (20-50L)
279,Kharadi,700,2,2,2021,1,9900000,1,3,4.84,39917,6.0,0.5,12,4,2,2,1980000,7920000,68731,171829,2061948,Executive (20-50L)
280,Kharadi,950,2,2,2018,0,11000000,1,2,3.64,33409,6.0,0.5,12,4,2,2,2200000,8800000,76368,190921,2291053,Executive (20-50L)
281,Kharadi,890,2,3,2019,1,11000000,1,1,4.39,40206,6.0,0.5,12,4,2,2,2200000,8800000,76368,190921,2291053,Executive (20-50L)
282,Kharadi,750,2,2,2023,1,11900000,1,5,5.03,49880,6.0,0.5,12,4,2,2,2380000,9520000,82616,206541,2478503,Executive (20-50L)
283,Kharadi,750,2,2,2018,1,8000000,1,4,4.44,29628,6.0,0.5,12,4,2,2,1600000,6400000,55540,138851,1666220,Senior Level (10-20L)
284,Kharadi,732,2,3,2021,1,11500000,1,3,4.75,45496,6.0,0.5,12,4,2,2,2300000,9200000,79839,199599,2395192,Executive (20-50L)
285,Kharadi,862,2,2,2025,0,13200000,1,4,4.49,49351,6.0,0.5,12,4,2,2,2640000,10560000,91642,229105,2749264,Executive (20-50L)
286,Kharadi,1370,3,3,2021,0,27500000,1,3,4.78,109491,6.0,0.5,12,4,2,2,5500000,22000000,190921,477302,5727633,Premium (50L+)
287,Kharadi,776,2,2,2023,1,11500000,1,2,4.62,44239,6.0,0.5,12,4,2,2,2300000,9200000,79839,199599,2395192,Executive (20-50L)
288,Kharadi,896,2,2,2024,1,11800000,1,3,4.72,46381,6.0,0.5,12,4,2,2,2360000,9440000,81922,204806,2457675,Executive (20-50L)
289,Kharadi,1463,3,3,2021,0,16299999,1,4,4.56,61934,6.0,0.5,12,4,2,2,3259999,13039999,113164,282910,3394924,Executive (20-50L)
290,Kharadi,848,2,2,2026,1,15000000,1,2,4.43,55328,6.0,0.5,12,4,2,2,3000000,12000000,104138,260346,3124163,Executive (20-50L)
291,Kharadi,832,2,2,2025,1,11800000,1,1,4.62,45424,6.0,0.5,12,4,2,2,2360000,9440000,81922,204806,2457675,Executive (20-50L)
292,Kharadi,850,2,3,2021,1,9000000,1,4,4.63,34719,6.0,0.5,12,4,2,2,1800000,7200000,62483,156208,1874498,Senior Level (10-20L)
293,Kharadi,1742,3,3,2022,1,30000000,1,2,4.25,106201,6.0,0.5,12,4,2,2,6000000,24000000,208277,520693,6248327,Premium (50L+)
294,Kharadi,1080,3,4,2026,1,17000000,1,5,5.15,72991,6.0,0.5,12,4,2,2,3400000,13600000,118023,295059,3540718,Executive (20-50L)
295,Kharadi,820,2,2,2021,1,11100000,1,5,4.79,44311,6.0,0.5,12,4,2,2,2220000,8880000,77062,192656,2311881,Executive (20-50L)
296,Kharadi,850,2,2,2023,1,11600000,1,3,4.83,46726,6.0,0.5,12,4,2,2,2320000,9280000,80533,201334,2416019,Executive (20-50L)
297,Kharadi,1500,3,3,2024,1,23000000,0,0,4.73,90706,6.0,0.5,12,4,2,2,4600000,18400000,159679,399198,4790384,Executive (20-50L)
298,Kharadi,1040,2,3,2019,0,15000000,0,0,4.13,51598,6.0,0.5,12,4,2,2,3000000,12000000,104138,260346,3124163,Executive (20-50L)
299,Kharadi,2025,3,3,2022,1,41800000,1,2,4.33,150733,6.0,0.5,12,4,2,2,8360000,33440000,290200,725500,8706002,Premium (50L+)
300,Kharadi,1997,3,3,2024,1,18000000,1,3,4.51,67626,6.0,0.5,12,4,2,2,3600000,14400000,124966,312416,3748996,Executive (20-50L)
301,Kharadi,1237,3,3,2022,1,16200000,1,3,5.12,69113,6.0,0.5,12,4,2,2,3240000,12960000,112469,281174,3374096,Executive (20-50L)
302,Kharadi,1400,3,3,2020,0,11500000,1,4,4.02,38552,6.0,0.5,12,4,2,2,2300000,9200000,79839,199599,2395192,Executive (20-50L)
303,Kharadi,865,2,2,2019,1,3300000,1,2,4.5,12386,6.0,0.5,12,4,2,2,660000,2640000,22910,57276,687316,Mid Level (5-10L)
304,Kharadi,842,2,2,2021,0,8000000,1,2,4.09,27298,6.0,0.5,12,4,2,2,1600000,6400000,55540,138851,1666220,Senior Level (10-20L)
305,Kharadi,677,2,2,2019,0,7200000,1,4,4.29,25710,6.0,0.5,12,4,2,2,1440000,5760000,49986,124966,1499598,Senior Level (10-20L)
306,Kharadi,776,2,2,2020,1,7500000,0,0,5.16,32265,6.0,0.5,12,4,2,2,1500000,6000000,52069,130173,1562081,Senior Level (10-20L)
307,Kharadi,708,2,2,2026,0,6800000,1,5,4.33,24537,6.0,0.5,12,4,2,2,1360000,5440000,47209,118023,1416287,Senior Level (10-20L)
308,Kharadi,742,2,3,2026,1,7500000,1,3,4.79,29914,6.0,0.5,12,4,2,2,1500000,6000000,52069,130173,1562081,Senior Level (10-20L)
309,Kharadi,828,2,2,2019,1,10000000,0,0,4.78,39852,6.0,0.5,12,4,2,2,2000000,8000000,69425,173564,2082775,Executive (20-50L)
310,Kharadi,1045,2,2,2023,1,7300000,1,3,4.25,25871,6.0,0.5,12,4,2,2,1460000,5840000,50680,126702,1520426,Senior Level (10-20L)
311,Kharadi,1045,2,2,2026,1,7000000,1,1,4.93,28758,6.0,0.5,12,4,2,2,1400000,5600000,48598,121495,1457943,Senior Level (10-20L)
312,Kharadi,1067,2,2,2021,0,7400000,1,3,4.77,29410,6.0,0.5,12,4,2,2,1480000,5920000,51375,128437,1541254,Senior Level (10-20L)
313,Kharadi,1260,2,3,2023,1,8100000,1,3,4.61,31120,6.0,0.5,12,4,2,2,1620000,6480000,56234,140587,1687048,Senior Level (10-20L)
314,Kharadi,1080,2,3,2024,1,14500000,1,1,5.01,60560,6.0,0.5,12,4,2,2,2900000,11600000,100667,251668,3020024,Executive (20-50L)
315,Kharadi,756,2,2,2018,0,7200000,0,0,3.74,22414,6.0,0.5,12,4,2,2,1440000,5760000,49986,124966,1499598,Senior Level (10-20L)
316,Kharadi,1250,2,3,2020,0,7100000,1,4,4.2,24862,6.0,0.5,12,4,2,2,1420000,5680000,49292,123230,1478770,Senior Level (10-20L)
317,Kharadi,899,2,2,2022,1,9500000,1,4,4.67,36952,6.0,0.5,12,4,2,2,1900000,7600000,65954,164886,1978636,Senior Level (10-20L)
318,Kharadi,541,2,2,2022,0,7900000,1,3,3.89,25605,6.0,0.5,12,4,2,2,1580000,6320000,54846,137116,1645392,Senior Level (10-20L)
319,Kharadi,1055,3,4,2018,1,12000000,1,2,4.54,45426,6.0,0.5,12,4,2,2,2400000,9600000,83311,208277,2499330,Executive (20-50L)
320,Kharadi,612,2,2,2022,1,9500000,1,4,5.08,40235,6.0,0.5,12,4,2,2,1900000,7600000,65954,164886,1978636,Senior Level (10-20L)
321,Kharadi,842,2,2,2024,1,8100000,1,2,4.19,28256,6.0,0.5,12,4,2,2,1620000,6480000,56234,140587,1687048,Senior Level (10-20L)
322,Kharadi,1350,2,2,2018,1,9100000,1,1,3.79,28764,6.0,0.5,12,4,2,2,1820000,7280000,63177,157943,1895325,Senior Level (10-20L)
323,Kharadi,1285,2,3,2024,1,8500000,1,2,5.03,35594,6.0,0.5,12,4,2,2,1700000,6800000,59011,147529,1770359,Senior Level (10-20L)
324,Kharadi,1080,2,2,2018,0,7500000,1,4,3.85,24057,6.0,0.5,12,4,2,2,1500000,6000000,52069,130173,1562081,Senior Level (10-20L)
325,Kharadi,792,2,2,2024,1,7500000,1,3,4.61,28840,6.0,0.5,12,4,2,2,1500000,6000000,52069,130173,1562081,Senior Level (10-20L)
326,Kharadi,590,2,2,2023,1,8000000,1,4,5.28,35170,6.0,0.5,12,4,2,2,1600000,6400000,55540,138851,1666220,Senior Level (10-20L)
327,Kharadi,490,2,2,2020,0,6500000,1,2,4.25,22998,6.0,0.5,12,4,2,2,1300000,5200000,45126,112817,1353804,Senior Level (10-20L)
328,Kharadi,750,2,2,2026,1,9000000,1,4,4.66,34927,6.0,0.5,12,4,2,2,1800000,7200000,62483,156208,1874498,Senior Level (10-20L)
329,Kharadi,726,2,2,2025,0,9000000,1,4,4.34,32553,6.0,0.5,12,4,2,2,1800000,7200000,62483,156208,1874498,Senior Level (10-20L)
330,Kharadi,576,2,2,2025,1,6600000,1,3,5.26,28923,6.0,0.5,12,4,2,2,1320000,5280000,45821,114552,1374632,Senior Level (10-20L)
331,Kharadi,721,2,2,2026,1,9000000,0,0,4.94,37025,6.0,0.5,12,4,2,2,1800000,7200000,62483,156208,1874498,Senior Level (10-20L)
332,Kharadi,1250,2,2,2018,1,9000000,1,3,4.85,36375,6.0,0.5,12,4,2,2,1800000,7200000,62483,156208,1874498,Senior Level (10-20L)
333,Kharadi,1150,2,2,2026,1,7300000,1,4,4.74,28856,6.0,0.5,12,4,2,2,1460000,5840000,50680,126702,1520426,Senior Level (10-20L)
334,Kharadi,796,2,3,2018,1,9000000,1,2,4.62,34621,6.0,0.5,12,4,2,2,1800000,7200000,62483,156208,1874498,Senior Level (10-20L)
335,Kharadi,691,2,2,2018,1,9000000,1,4,4.18,31312,6.0,0.5,12,4,2,2,1800000,7200000,62483,156208,1874498,Senior Level (10-20L)
336,Kharadi,936,3,4,2026,1,11000000,1,3,5.15,47248,6.0,0.5,12,4,2,2,2200000,8800000,76368,190921,2291053,Executive (20-50L)
337,Kharadi,1080,3,3,2023,1,14500000,1,3,5.26,63548,6.0,0.5,12,4,2,2,2900000,11600000,100667,251668,3020024,Executive (20-50L)
338,Kharadi,1688,3,3,2025,1,24000000,1,4,4.53,90535,6.0,0.5,12,4,2,2,4800000,19200000,166622,416555,4998661,Executive (20-50L)
339,Kharadi,793,2,2,2022,0,8570000,0,0,4.6,32886,6.0,0.5,12,4,2,2,1714000,6856000,59497,148744,1784938,Senior Level (10-20L)
340,Kharadi,900,2,2,2024,1,12900000,0,0,4.54,48817,6.0,0.5,12,4,2,2,2580000,10320000,89559,223898,2686780,Executive (20-50L)
341,Kharadi,812,2,2,2022,1,8600000,1,5,4.85,34746,6.0,0.5,12,4,2,2,1720000,6880000,59706,149265,1791187,Senior Level (10-20L)
342,Kharadi,835,2,2,2025,0,10000000,1,3,4.87,40548,6.0,0.5,12,4,2,2,2000000,8000000,69425,173564,2082775,Executive (20-50L)
343,Kharadi,684,2,2,2022,1,7500000,1,2,5.32,33275,6.0,0.5,12,4,2,2,1500000,6000000,52069,130173,1562081,Senior Level (10-20L)
344,Kharadi,599,2,3,2022,0,8500000,1,3,4.91,34762,6.0,0.5,12,4,2,2,1700000,6800000,59011,147529,1770359,Senior Level (10-20L)
