id,area,square_feet,num_bedrooms,num_bathrooms,year_built,has_garage,price,property_age,price_per_sqft,locality,price_perception,price_perception_std,infrastructure_satisfaction,infrastructure_satisfaction_std,investment_confidence,investment_confidence_std,buying_urgency,buying_urgency_std,overall_sentiment,overall_sentiment_std,sentiment_volatility,sample_count,latest_date,oldest_date,rooms_total,sqft_per_bedroom,is_new_construction,is_old_property,config_category,sentiment_value_score,demand_indicator,locality_price_index,price_premium,demand_score
1,Koregaon Park,980,2,2,2026,1,18000000,-2,18367.34693877551,Koregaon Park,0.086,0.308,0.191,0.62,0.158,0.484,0.511,0.065,0.177,0.441,0.384,42,2026-01-05,2025-07-25,4,490.0,1,0,2BHK,0.1391,0.5624,1.2686692697659312,-0.3615863003768252,79.7
2,Koregaon Park,1572,4,4,2018,1,29800000,6,18956.74300254453,Koregaon Park,0.086,0.308,0.191,0.62,0.158,0.484,0.511,0.065,0.177,0.441,0.384,42,2026-01-05,2025-07-25,8,393.0,0,0,4BHK+,0.1391,0.5624,1.2686692697659312,0.05692934715392267,60.3
3,Koregaon Park,1500,3,3,2018,1,21000000,6,14000.0,Koregaon Park,0.086,0.308,0.191,0.62,0.158,0.484,0.511,0.065,0.177,0.441,0.384,42,2026-01-05,2025-07-25,6,500.0,0,0,3BHK,0.1391,0.5624,1.2686692697659312,-0.2551840171062961,73.1
4,Koregaon Park,1950,3,3,2019,1,75000000,5,38461.53846153846,Koregaon Park,0.086,0.308,0.191,0.62,0.158,0.484,0.511,0.065,0.177,0.441,0.384,42,2026-01-05,2025-07-25,6,650.0,0,0,3BHK,0.1391,0.5624,1.2686692697659312,1.660057081763228,47.2
5,Koregaon Park,1400,3,3,2021,1,30000000,3,21428.571428571428,Koregaon Park,0.086,0.308,0.191,0.62,0.158,0.484,0.511,0.065,0.177,0.441,0.384,42,2026-01-05,2025-07-25,6,466.6666666666667,1,0,3BHK,0.1391,0.5624,1.2686692697659312,0.06402283270529129,62.8
6,Koregaon Park,2665,3,3,2021,0,55000000,3,20637.898686679175,Koregaon Park,0.086,0.308,0.191,0.62,0.158,0.484,0.511,0.065,0.177,0.441,0.384,42,2026-01-05,2025-07-25,6,888.3333333333334,1,0,3BHK,0.1391,0.5624,1.2686692697659312,0.9507085266263674,42.2
7,Koregaon Park,3761,4,4,2023,1,56000000,1,14889.657006115394,Koregaon Park,0.086,0.308,0.191,0.62,0.158,0.484,0.511,0.065,0.177,0.441,0.384,42,2026-01-05,2025-07-25,8,940.25,1,0,4BHK+,0.1391,0.5624,1.2686692697659312,0.9861759543832104,49.2
8,Koregaon Park,1650,3,3,2023,1,32500000,1,19696.969696969696,Koregaon Park,0.086,0.308,0.191,0.62,0.158,0.484,0.511,0.065,0.177,0.441,0.384,42,2026-01-05,2025-07-25,6,550.0,1,0,3BHK,0.1391,0.5624,1.2686692697659312,0.1526914020973989,61.3
9,Koregaon Park,1600,3,3,2025,1,42500000,-1,26562.5,Koregaon Park,0.086,0.308,0.191,0.62,0.158,0.484,0.511,0.065,0.177,0.441,0.384,42,2026-01-05,2025-07-25,6,533.3333333333334,1,0,3BHK,0.1391,0.5624,1.2686692697659312,0.5073656796658293,49.7
10,Koregaon Park,3000,4,5,2024,1,55000000,0,18333.333333333332,Koregaon Park,0.086,0.308,0.191,0.62,0.158,0.484,0.511,0.065,0.177,0.441,0.384,42,2026-01-05,2025-07-25,9,750.0,1,0,4BHK+,0.1391,0.5624,1.2686692697659312,0.9507085266263674,49.7
11,Koregaon Park,1000,2,2,2021,1,15000000,3,15000.0,Koregaon Park,0.086,0.308,0.191,0.62,0.158,0.484,0.511,0.065,0.177,0.441,0.384,42,2026-01-05,2025-07-25,4,500.0,1,0,2BHK,0.1391,0.5624,1.2686692697659312,-0.46798858364735435,82.1
12,Koregaon Park,2000,3,3,2024,1,37500000,0,18750.0,Koregaon Park,0.086,0.308,0.191,0.62,0.158,0.484,0.511,0.065,0.177,0.441,0.384,42,2026-01-05,2025-07-25,6,666.6666666666666,1,0,3BHK,0.1391,0.5624,1.2686692697659312,0.3300285408816141,55.6
13,Koregaon Park,950,2,2,2024,0,12500000,0,13157.894736842105,Koregaon Park,0.086,0.308,0.191,0.62,0.158,0.484,0.511,0.065,0.177,0.441,0.384,42,2026-01-05,2025-07-25,4,475.0,1,0,2BHK,0.1391,0.5624,1.2686692697659312,-0.556657153039462,78.2
14,Koregaon Park,3500,4,4,2018,1,60000000,6,17142.85714285714,Koregaon Park,0.086,0.308,0.191,0.62,0.158,0.484,0.511,0.065,0.177,0.441,0.384,42,2026-01-05,2025-07-25,8,875.0,0,0,4BHK+,0.1391,0.5624,1.2686692697659312,1.1280456654105826,46.7
15,Koregaon Park,1800,3,3,2018,1,31000000,6,17222.222222222223,Koregaon Park,0.086,0.308,0.191,0.62,0.158,0.484,0.511,0.065,0.177,0.441,0.384,42,2026-01-05,2025-07-25,6,600.0,0,0,3BHK,0.1391,0.5624,1.2686692697659312,0.09949026046213433,60.7
16,Koregaon Park,900,2,2,2026,1,11500000,-2,12777.777777777777,Koregaon Park,0.086,0.308,0.191,0.62,0.158,0.484,0.511,0.065,0.177,0.441,0.384,42,2026-01-05,2025-07-25,4,450.0,1,0,2BHK,0.1391,0.5624,1.2686692697659312,-0.592124580796305,83.8
17,Koregaon Park,1700,3,3,2025,0,29000000,-1,17058.823529411766,Koregaon Park,0.086,0.308,0.191,0.62,0.158,0.484,0.511,0.065,0.177,0.441,0.384,42,2026-01-05,2025-07-25,6,566.6666666666666,1,0,3BHK,0.1391,0.5624,1.2686692697659312,0.02855540494844824,60.2
18,Koregaon Park,3200,4,5,2021,1,52500000,3,16406.25,Koregaon Park,0.086,0.308,0.191,0.62,0.158,0.484,0.511,0.065,0.177,0.441,0.384,42,2026-01-05,2025-07-25,9,800.0,1,0,4BHK+,0.1391,0.5624,1.2686692697659312,0.8620399572342597,48.2
19,Koregaon Park,5500,5,5,2022,1,70000000,2,12727.272727272728,Koregaon Park,0.086,0.308,0.191,0.62,0.158,0.484,0.511,0.065,0.177,0.441,0.384,42,2026-01-05,2025-07-25,10,1100.0,1,0,4BHK+,0.1391,0.5624,1.2686692697659312,1.4827199429790128,48.7
20,Koregaon Park,3000,4,4,2024,0,98500000,0,32833.333333333336,Koregaon Park,0.086,0.308,0.191,0.62,0.158,0.484,0.511,0.065,0.177,0.441,0.384,42,2026-01-05,2025-07-25,8,750.0,1,0,4BHK+,0.1391,0.5624,1.2686692697659312,2.4935416340490395,43.7
21,Koregaon Park,950,2,3,2024,1,7000000,0,7368.421052631579,Koregaon Park,0.086,0.308,0.191,0.62,0.158,0.484,0.511,0.065,0.177,0.441,0.384,42,2026-01-05,2025-07-25,5,475.0,1,0,2BHK,0.1391,0.5624,1.2686692697659312,-0.7517280057020987,84.2
22,Koregaon Park,1600,3,3,2018,1,25000000,6,15625.0,Koregaon Park,0.086,0.308,0.191,0.62,0.158,0.484,0.511,0.065,0.177,0.441,0.384,42,2026-01-05,2025-07-25,6,533.3333333333334,0,0,3BHK,0.1391,0.5624,1.2686692697659312,-0.11331430607892393,68.2
23,Koregaon Park,1650,3,3,2025,0,28500000,-1,17272.727272727272,Koregaon Park,0.086,0.308,0.191,0.62,0.158,0.484,0.511,0.065,0.177,0.441,0.384,42,2026-01-05,2025-07-25,6,550.0,1,0,3BHK,0.1391,0.5624,1.2686692697659312,0.010821691070026718,60.8
24,Koregaon Park,1350,3,4,2021,1,24500000,3,18148.14814814815,Koregaon Park,0.086,0.308,0.191,0.62,0.158,0.484,0.511,0.065,0.177,0.441,0.384,42,2026-01-05,2025-07-25,7,450.0,1,0,3BHK,0.1391,0.5624,1.2686692697659312,-0.13104801995734544,69.4
25,Koregaon Park,1500,3,3,2022,1,27500000,2,18333.333333333332,Koregaon Park,0.086,0.308,0.191,0.62,0.158,0.484,0.511,0.065,0.177,0.441,0.384,42,2026-01-05,2025-07-25,6,500.0,1,0,3BHK,0.1391,0.5624,1.2686692697659312,-0.024645736686816324,67.0
26,Koregaon Park,1000,2,2,2022,1,12500000,2,12500.0,Koregaon Park,0.086,0.308,0.191,0.62,0.158,0.484,0.511,0.065,0.177,0.441,0.384,42,2026-01-05,2025-07-25,4,500.0,1,0,2BHK,0.1391,0.5624,1.2686692697659312,-0.556657153039462,83.7
27,Koregaon Park,1800,3,3,2021,1,31000000,3,17222.222222222223,Koregaon Park,0.086,0.308,0.191,0.62,0.158,0.484,0.511,0.065,0.177,0.441,0.384,42,2026-01-05,2025-07-25,6,600.0,1,0,3BHK,0.1391,0.5624,1.2686692697659312,0.09949026046213433,62.2
28,Koregaon Park,900,2,2,2026,0,11000000,-2,12222.222222222223,Koregaon Park,0.086,0.308,0.191,0.62,0.158,0.484,0.511,0.065,0.177,0.441,0.384,42,2026-01-05,2025-07-25,4,450.0,1,0,2BHK,0.1391,0.5624,1.2686692697659312,-0.6098582946747265,77.8
29,Koregaon Park,1100,2,2,2021,1,14000000,3,12727.272727272728,Koregaon Park,0.086,0.308,0.191,0.62,0.158,0.484,0.511,0.065,0.177,0.441,0.384,42,2026-01-05,2025-07-25,4,550.0,1,0,2BHK,0.1391,0.5624,1.2686692697659312,-0.5034560114041974,83.2
30,Koregaon Park,1500,3,3,2024,0,26000000,0,17333.333333333332,Koregaon Park,0.086,0.308,0.191,0.62,0.158,0.484,0.511,0.065,0.177,0.441,0.384,42,2026-01-05,2025-07-25,6,500.0,1,0,3BHK,0.1391,0.5624,1.2686692697659312,-0.07784687832208088,63.9
31,Koregaon Park,2500,4,4,2018,1,45000000,6,18000.0,Koregaon Park,0.086,0.308,0.191,0.62,0.158,0.484,0.511,0.065,0.177,0.441,0.384,42,2026-01-05,2025-07-25,8,625.0,0,0,4BHK+,0.1391,0.5624,1.2686692697659312,0.5960342490579369,46.7
32,Koregaon Park,2000,3,3,2025,1,35000000,-1,17500.0,Koregaon Park,0.086,0.308,0.191,0.62,0.158,0.484,0.511,0.065,0.177,0.441,0.384,42,2026-01-05,2025-07-25,6,666.6666666666666,1,0,3BHK,0.1391,0.5624,1.2686692697659312,0.2413599714895065,58.7
33,Koregaon Park,1400,3,3,2026,1,22500000,-2,16071.42857142857,Koregaon Park,0.086,0.308,0.191,0.62,0.158,0.484,0.511,0.065,0.177,0.441,0.384,42,2026-01-05,2025-07-25,6,466.6666666666667,1,0,3BHK,0.1391,0.5624,1.2686692697659312,-0.20198287547103153,73.7
34,Koregaon Park,1050,2,2,2020,0,13000000,4,12380.952380952382,Koregaon Park,0.086,0.308,0.191,0.62,0.158,0.484,0.511,0.065,0.177,0.441,0.384,42,2026-01-05,2025-07-25,4,525.0,0,0,2BHK,0.1391,0.5624,1.2686692697659312,-0.5389234391610405,76.7
35,Koregaon Park,1700,3,3,2022,1,29000000,2,17058.823529411766,Koregaon Park,0.086,0.308,0.191,0.62,0.158,0.484,0.511,0.065,0.177,0.441,0.384,42,2026-01-05,2025-07-25,6,566.6666666666666,1,0,3BHK,0.1391,0.5624,1.2686692697659312,0.02855540494844824,65.2
36,Koregaon Park,1450,3,4,2022,1,24000000,2,16551.724137931036,Koregaon Park,0.086,0.308,0.191,0.62,0.158,0.484,0.511,0.065,0.177,0.441,0.384,42,2026-01-05,2025-07-25,7,483.3333333333333,1,0,3BHK,0.1391,0.5624,1.2686692697659312,-0.14878173383576698,71.1
37,Koregaon Park,950,2,2,2019,1,11500000,5,12105.263157894737,Koregaon Park,0.086,0.308,0.191,0.62,0.158,0.484,0.511,0.065,0.177,0.441,0.384,42,2026-01-05,2025-07-25,4,475.0,0,0,2BHK,0.1391,0.5624,1.2686692697659312,-0.592124580796305,81.7
38,Koregaon Park,1850,3,3,2021,1,32000000,3,17297.297297297297,Koregaon Park,0.086,0.308,0.191,0.62,0.158,0.484,0.511,0.065,0.177,0.441,0.384,42,2026-01-05,2025-07-25,6,616.6666666666666,1,0,3BHK,0.1391,0.5624,1.2686692697659312,0.13495768821897736,61.0
39,Koregaon Park,1600,3,3,2022,1,27000000,2,16875.0,Koregaon Park,0.086,0.308,0.191,0.62,0.158,0.484,0.511,0.065,0.177,0.441,0.384,42,2026-01-05,2025-07-25,6,533.3333333333334,1,0,3BHK,0.1391,0.5624,1.2686692697659312,-0.04237945056523785,67.7
40,Koregaon Park,3000,4,5,2021,0,52500000,3,17500.0,Koregaon Park,0.086,0.308,0.191,0.62,0.158,0.484,0.511,0.065,0.177,0.441,0.384,42,2026-01-05,2025-07-25,9,750.0,1,0,4BHK+,0.1391,0.5624,1.2686692697659312,0.8620399572342597,42.2
41,Koregaon Park,1550,3,4,2019,1,25500000,5,16451.612903225807,Koregaon Park,0.086,0.308,0.191,0.62,0.158,0.484,0.511,0.065,0.177,0.441,0.384,42,2026-01-05,2025-07-25,7,516.6666666666666,0,0,3BHK,0.1391,0.5624,1.2686692697659312,-0.09558059220050241,68.0
42,Koregaon Park,1000,2,2,2026,0,13500000,-2,13500.0,Koregaon Park,0.086,0.308,0.191,0.62,0.158,0.484,0.511,0.065,0.177,0.441,0.384,42,2026-01-05,2025-07-25,4,500.0,1,0,2BHK,0.1391,0.5624,1.2686692697659312,-0.521189725282619,78.7
43,Koregaon Park,1750,3,3,2023,1,30000000,1,17142.85714285714,Koregaon Park,0.086,0.308,0.191,0.62,0.158,0.484,0.511,0.065,0.177,0.441,0.384,42,2026-01-05,2025-07-25,6,583.3333333333334,1,0,3BHK,0.1391,0.5624,1.2686692697659312,0.06402283270529129,64.4
44,Koregaon Park,1350,3,4,2024,1,23500000,0,17407.40740740741,Koregaon Park,0.086,0.308,0.191,0.62,0.158,0.484,0.511,0.065,0.177,0.441,0.384,42,2026-01-05,2025-07-25,7,450.0,1,0,3BHK,0.1391,0.5624,1.2686692697659312,-0.1665154477141885,72.1
45,Koregaon Park,850,2,3,2023,1,10500000,1,12352.941176470587,Koregaon Park,0.086,0.308,0.191,0.62,0.158,0.484,0.511,0.065,0.177,0.441,0.384,42,2026-01-05,2025-07-25,5,425.0,1,0,2BHK,0.1391,0.5624,1.2686692697659312,-0.627592008553148,82.8
46,Koregaon Park,1900,3,4,2023,0,33000000,1,17368.42105263158,Koregaon Park,0.086,0.308,0.191,0.62,0.158,0.484,0.511,0.065,0.177,0.441,0.384,42,2026-01-05,2025-07-25,7,633.3333333333334,1,0,3BHK,0.1391,0.5624,1.2686692697659312,0.1704251159758204,54.7
47,Koregaon Park,1650,3,3,2018,1,28000000,6,16969.696969696968,Koregaon Park,0.086,0.308,0.191,0.62,0.158,0.484,0.511,0.065,0.177,0.441,0.384,42,2026-01-05,2025-07-25,6,550.0,0,0,3BHK,0.1391,0.5624,1.2686692697659312,-0.006912022808394804,64.4
48,Koregaon Park,950,2,2,2025,0,12000000,-1,12631.578947368422,Koregaon Park,0.086,0.308,0.191,0.62,0.158,0.484,0.511,0.065,0.177,0.441,0.384,42,2026-01-05,2025-07-25,4,475.0,1,0,2BHK,0.1391,0.5624,1.2686692697659312,-0.5743908669178834,78.2
49,Koregaon Park,2700,4,4,2022,0,47500000,2,17592.59259259259,Koregaon Park,0.086,0.308,0.191,0.62,0.158,0.484,0.511,0.065,0.177,0.441,0.384,42,2026-01-05,2025-07-25,8,675.0,1,0,4BHK+,0.1391,0.5624,1.2686692697659312,0.6847028184500445,42.7
50,Koregaon Park,1500,3,3,2022,0,26500000,2,17666.666666666668,Koregaon Park,0.086,0.308,0.191,0.62,0.158,0.484,0.511,0.065,0.177,0.441,0.384,42,2026-01-05,2025-07-25,6,500.0,1,0,3BHK,0.1391,0.5624,1.2686692697659312,-0.06011316444365937,62.3
51,Koregaon Park,1950,3,3,2020,0,34000000,4,17435.897435897437,Koregaon Park,0.086,0.308,0.191,0.62,0.158,0.484,0.511,0.065,0.177,0.441,0.384,42,2026-01-05,2025-07-25,6,650.0,0,0,3BHK,0.1391,0.5624,1.2686692697659312,0.20589254373266344,52.0
52,Koregaon Park,920,2,2,2019,1,11200000,5,12173.91304347826,Koregaon Park,0.086,0.308,0.191,0.62,0.158,0.484,0.511,0.065,0.177,0.441,0.384,42,2026-01-05,2025-07-25,4,460.0,0,0,2BHK,0.1391,0.5624,1.2686692697659312,-0.602764809123358,81.5
53,Koregaon Park,1420,3,3,2026,1,24800000,-2,17464.788732394365,Koregaon Park,0.086,0.308,0.191,0.62,0.158,0.484,0.511,0.065,0.177,0.441,0.384,42,2026-01-05,2025-07-25,6,473.3333333333333,1,0,3BHK,0.1391,0.5624,1.2686692697659312,-0.12040779163029254,70.9
54,Koregaon Park,1820,3,3,2018,1,31500000,6,17307.69230769231,Koregaon Park,0.086,0.308,0.191,0.62,0.158,0.484,0.511,0.065,0.177,0.441,0.384,42,2026-01-05,2025-07-25,6,606.6666666666666,0,0,3BHK,0.1391,0.5624,1.2686692697659312,0.11722397434055584,60.1
55,Koregaon Park,3200,4,4,2020,1,55000000,4,17187.5,Koregaon Park,0.086,0.308,0.191,0.62,0.158,0.484,0.511,0.065,0.177,0.441,0.384,42,2026-01-05,2025-07-25,8,800.0,0,0,4BHK+,0.1391,0.5624,1.2686692697659312,0.9507085266263674,47.7
56,Koregaon Park,1680,3,4,2019,1,29500000,5,17559.52380952381,Koregaon Park,0.086,0.308,0.191,0.62,0.158,0.484,0.511,0.065,0.177,0.441,0.384,42,2026-01-05,2025-07-25,7,560.0,0,0,3BHK,0.1391,0.5624,1.2686692697659312,0.04628911882686976,63.1
57,Koregaon Park,1020,2,2,2020,1,12800000,4,12549.019607843138,Koregaon Park,0.086,0.308,0.191,0.62,0.158,0.484,0.511,0.065,0.177,0.441,0.384,42,2026-01-05,2025-07-25,4,510.0,0,0,2BHK,0.1391,0.5624,1.2686692697659312,-0.546016924712409,82.7
58,Koregaon Park,1380,3,4,2026,1,22000000,-2,15942.028985507246,Koregaon Park,0.086,0.308,0.191,0.62,0.158,0.484,0.511,0.065,0.177,0.441,0.384,42,2026-01-05,2025-07-25,7,460.0,1,0,3BHK,0.1391,0.5624,1.2686692697659312,-0.21971658934945307,74.2
59,Koregaon Park,2100,3,3,2018,1,36000000,6,17142.85714285714,Koregaon Park,0.086,0.308,0.191,0.62,0.158,0.484,0.511,0.065,0.177,0.441,0.384,42,2026-01-05,2025-07-25,6,700.0,0,0,3BHK,0.1391,0.5624,1.2686692697659312,0.2768273992463495,54.5
60,Koregaon Park,880,2,3,2025,1,10800000,-1,12272.727272727272,Koregaon Park,0.086,0.308,0.191,0.62,0.158,0.484,0.511,0.065,0.177,0.441,0.384,42,2026-01-05,2025-07-25,5,440.0,1,0,2BHK,0.1391,0.5624,1.2686692697659312,-0.6169517802260951,83.6
61,Koregaon Park,1620,3,3,2021,0,28800000,3,17777.777777777777,Koregaon Park,0.086,0.308,0.191,0.62,0.158,0.484,0.511,0.065,0.177,0.441,0.384,42,2026-01-05,2025-07-25,6,540.0,1,0,3BHK,0.1391,0.5624,1.2686692697659312,0.02146191939707963,58.9
62,Koregaon Park,2800,4,4,2023,1,49000000,1,17500.0,Koregaon Park,0.086,0.308,0.191,0.62,0.158,0.484,0.511,0.065,0.177,0.441,0.384,42,2026-01-05,2025-07-25,8,700.0,1,0,4BHK+,0.1391,0.5624,1.2686692697659312,0.7379039600853091,49.2
63,Koregaon Park,1480,3,4,2025,1,25200000,-1,17027.027027027027,Koregaon Park,0.086,0.308,0.191,0.62,0.158,0.484,0.511,0.065,0.177,0.441,0.384,42,2026-01-05,2025-07-25,7,493.3333333333333,1,0,3BHK,0.1391,0.5624,1.2686692697659312,-0.10622082052755533,70.8
64,Koregaon Park,960,2,3,2024,0,11800000,0,12291.666666666666,Koregaon Park,0.086,0.308,0.191,0.62,0.158,0.484,0.511,0.065,0.177,0.441,0.384,42,2026-01-05,2025-07-25,5,480.0,1,0,2BHK,0.1391,0.5624,1.2686692697659312,-0.5814843524692521,78.3
65,Koregaon Park,1780,3,3,2023,1,30500000,1,17134.83146067416,Koregaon Park,0.086,0.308,0.191,0.62,0.158,0.484,0.511,0.065,0.177,0.441,0.384,42,2026-01-05,2025-07-25,6,593.3333333333334,1,0,3BHK,0.1391,0.5624,1.2686692697659312,0.0817565465837128,63.8
66,Koregaon Park,1410,3,3,2019,0,24200000,5,17163.120567375885,Koregaon Park,0.086,0.308,0.191,0.62,0.158,0.484,0.511,0.065,0.177,0.441,0.384,42,2026-01-05,2025-07-25,6,470.0,0,0,3BHK,0.1391,0.5624,1.2686692697659312,-0.14168824828439835,63.1
67,Koregaon Park,980,2,2,2025,1,12200000,-1,12448.979591836734,Koregaon Park,0.086,0.308,0.191,0.62,0.158,0.484,0.511,0.065,0.177,0.441,0.384,42,2026-01-05,2025-07-25,4,490.0,1,0,2BHK,0.1391,0.5624,1.2686692697659312,-0.5672973813665149,84.5
68,Koregaon Park,2900,4,4,2026,1,51000000,-2,17586.206896551725,Koregaon Park,0.086,0.308,0.191,0.62,0.158,0.484,0.511,0.065,0.177,0.441,0.384,42,2026-01-05,2025-07-25,8,725.0,1,0,4BHK+,0.1391,0.5624,1.2686692697659312,0.8088388155989952,49.7
69,Koregaon Park,1580,3,3,2026,0,27799999,-2,17594.93607594937,Koregaon Park,0.086,0.308,0.191,0.62,0.158,0.484,0.511,0.065,0.177,0.441,0.384,42,2026-01-05,2025-07-25,6,526.6666666666666,1,0,3BHK,0.1391,0.5624,1.2686692697659312,-0.014005543827191168,61.7
70,Koregaon Park,1920,3,3,2025,1,33500000,-1,17447.916666666668,Koregaon Park,0.086,0.308,0.191,0.62,0.158,0.484,0.511,0.065,0.177,0.441,0.384,42,2026-01-05,2025-07-25,6,640.0,1,0,3BHK,0.1391,0.5624,1.2686692697659312,0.18815882985424193,60.6
71,Koregaon Park,930,2,3,2018,0,11399999,6,12258.063440860215,Koregaon Park,0.086,0.308,0.191,0.62,0.158,0.484,0.511,0.065,0.177,0.441,0.384,42,2026-01-05,2025-07-25,5,465.0,0,0,2BHK,0.1391,0.5624,1.2686692697659312,-0.595671359039417,75.1
72,Koregaon Park,1520,3,3,2020,1,26200000,4,17236.842105263157,Koregaon Park,0.086,0.308,0.191,0.62,0.158,0.484,0.511,0.065,0.177,0.441,0.384,42,2026-01-05,2025-07-25,6,506.6666666666667,0,0,3BHK,0.1391,0.5624,1.2686692697659312,-0.07075339277071228,67.7
73,Koregaon Park,1360,3,3,2020,1,22200000,4,16323.529411764706,Koregaon Park,0.086,0.308,0.191,0.62,0.158,0.484,0.511,0.065,0.177,0.441,0.384,42,2026-01-05,2025-07-25,6,453.3333333333333,0,0,3BHK,0.1391,0.5624,1.2686692697659312,-0.21262310379808444,71.8
74,Koregaon Park,840,2,2,2023,1,10200000,1,12142.857142857143,Koregaon Park,0.086,0.308,0.191,0.62,0.158,0.484,0.511,0.065,0.177,0.441,0.384,42,2026-01-05,2025-07-25,4,420.0,1,0,2BHK,0.1391,0.5624,1.2686692697659312,-0.6382322368802009,82.7
75,Koregaon Park,2050,3,4,2026,1,35500000,-2,17317.073170731706,Koregaon Park,0.086,0.308,0.191,0.62,0.158,0.484,0.511,0.065,0.177,0.441,0.384,42,2026-01-05,2025-07-25,7,683.3333333333334,1,0,3BHK,0.1391,0.5624,1.2686692697659312,0.25909368536792804,58.1
76,Koregaon Park,3400,4,4,2021,1,58000000,3,17058.823529411766,Koregaon Park,0.086,0.308,0.191,0.62,0.158,0.484,0.511,0.065,0.177,0.441,0.384,42,2026-01-05,2025-07-25,8,850.0,1,0,4BHK+,0.1391,0.5624,1.2686692697659312,1.0571108098968964,48.2
77,Koregaon Park,1660,3,3,2020,1,29200000,4,17590.36144578313,Koregaon Park,0.086,0.308,0.191,0.62,0.158,0.484,0.511,0.065,0.177,0.441,0.384,42,2026-01-05,2025-07-25,6,553.3333333333334,0,0,3BHK,0.1391,0.5624,1.2686692697659312,0.03564889049981685,63.9
78,Koregaon Park,1010,2,2,2019,1,12600000,5,12475.247524752474,Koregaon Park,0.086,0.308,0.191,0.62,0.158,0.484,0.511,0.065,0.177,0.441,0.384,42,2026-01-05,2025-07-25,4,505.0,0,0,2BHK,0.1391,0.5624,1.2686692697659312,-0.5531104102637776,82.2
79,Koregaon Park,1440,3,3,2022,1,23800000,2,16527.777777777777,Koregaon Park,0.086,0.308,0.191,0.62,0.158,0.484,0.511,0.065,0.177,0.441,0.384,42,2026-01-05,2025-07-25,6,480.0,1,0,3BHK,0.1391,0.5624,1.2686692697659312,-0.15587521938713558,71.3
80,Koregaon Park,1810,3,3,2024,1,31200000,0,17237.56906077348,Koregaon Park,0.086,0.308,0.191,0.62,0.158,0.484,0.511,0.065,0.177,0.441,0.384,42,2026-01-05,2025-07-25,6,603.3333333333334,1,0,3BHK,0.1391,0.5624,1.2686692697659312,0.10658374601350293,63.5
81,Koregaon Park,970,2,3,2018,1,11600000,6,11958.762886597939,Koregaon Park,0.086,0.308,0.191,0.62,0.158,0.484,0.511,0.065,0.177,0.441,0.384,42,2026-01-05,2025-07-25,5,485.0,0,0,2BHK,0.1391,0.5624,1.2686692697659312,-0.5885778380206207,81.4
82,Koregaon Park,1560,3,3,2025,1,27200000,-1,17435.897435897437,Koregaon Park,0.086,0.308,0.191,0.62,0.158,0.484,0.511,0.065,0.177,0.441,0.384,42,2026-01-05,2025-07-25,6,520.0,1,0,3BHK,0.1391,0.5624,1.2686692697659312,-0.035285965013869235,68.4
83,Koregaon Park,2850,4,4,2026,1,50000000,-2,17543.859649122805,Koregaon Park,0.086,0.308,0.191,0.62,0.158,0.484,0.511,0.065,0.177,0.441,0.384,42,2026-01-05,2025-07-25,8,712.5,1,0,4BHK+,0.1391,0.5624,1.2686692697659312,0.7733713878421521,49.7
84,Koregaon Park,1530,3,3,2023,0,25800000,1,16862.745098039217,Koregaon Park,0.086,0.308,0.191,0.62,0.158,0.484,0.511,0.065,0.177,0.441,0.384,42,2026-01-05,2025-07-25,6,510.0,1,0,3BHK,0.1391,0.5624,1.2686692697659312,-0.0849403638734495,63.7
85,Koregaon Park,1860,3,4,2024,1,32200000,0,17311.827956989247,Koregaon Park,0.086,0.308,0.191,0.62,0.158,0.484,0.511,0.065,0.177,0.441,0.384,42,2026-01-05,2025-07-25,7,620.0,1,0,3BHK,0.1391,0.5624,1.2686692697659312,0.14205117377034598,62.2
86,Koregaon Park,860,2,3,2025,0,10600000,-1,12325.581395348838,Koregaon Park,0.086,0.308,0.191,0.62,0.158,0.484,0.511,0.065,0.177,0.441,0.384,42,2026-01-05,2025-07-25,5,430.0,1,0,2BHK,0.1391,0.5624,1.2686692697659312,-0.6240452657774638,77.4
87,Koregaon Park,1430,3,4,2024,1,22799999,0,15944.055244755245,Koregaon Park,0.086,0.308,0.191,0.62,0.158,0.484,0.511,0.065,0.177,0.441,0.384,42,2026-01-05,2025-07-25,7,476.6666666666667,1,0,3BHK,0.1391,0.5624,1.2686692697659312,-0.19134268261140638,73.5
88,Koregaon Park,1980,3,3,2021,1,34500000,3,17424.242424242424,Koregaon Park,0.086,0.308,0.191,0.62,0.158,0.484,0.511,0.065,0.177,0.441,0.384,42,2026-01-05,2025-07-25,6,660.0,1,0,3BHK,0.1391,0.5624,1.2686692697659312,0.22362625761108498,57.9
89,Koregaon Park,990,2,2,2020,0,12400000,4,12525.252525252525,Koregaon Park,0.086,0.308,0.191,0.62,0.158,0.484,0.511,0.065,0.177,0.441,0.384,42,2026-01-05,2025-07-25,4,495.0,0,0,2BHK,0.1391,0.5624,1.2686692697659312,-0.5602038958151463,76.6
90,Koregaon Park,1640,3,4,2021,0,28200000,3,17195.121951219513,Koregaon Park,0.086,0.308,0.191,0.62,0.158,0.484,0.511,0.065,0.177,0.441,0.384,42,2026-01-05,2025-07-25,7,546.6666666666666,1,0,3BHK,0.1391,0.5624,1.2686692697659312,0.00018146274297380484,59.7
91,Koregaon Park,3100,4,4,2026,1,54000000,-2,17419.354838709678,Koregaon Park,0.086,0.308,0.191,0.62,0.158,0.484,0.511,0.065,0.177,0.441,0.384,42,2026-01-05,2025-07-25,8,775.0,1,0,4BHK+,0.1391,0.5624,1.2686692697659312,0.9152410988695243,49.7
92,Koregaon Park,1490,3,3,2022,1,24600000,2,16510.06711409396,Koregaon Park,0.086,0.308,0.191,0.62,0.158,0.484,0.511,0.065,0.177,0.441,0.384,42,2026-01-05,2025-07-25,6,496.6666666666667,1,0,3BHK,0.1391,0.5624,1.2686692697659312,-0.12750127718166115,70.6
93,Koregaon Park,910,2,2,2025,1,11100000,-1,12197.802197802197,Koregaon Park,0.086,0.308,0.191,0.62,0.158,0.484,0.511,0.065,0.177,0.441,0.384,42,2026-01-05,2025-07-25,4,455.0,1,0,2BHK,0.1391,0.5624,1.2686692697659312,-0.6063115518990422,83.9
94,Koregaon Park,1790,3,3,2026,1,30800000,-2,17206.703910614524,Koregaon Park,0.086,0.308,0.191,0.62,0.158,0.484,0.511,0.065,0.177,0.441,0.384,42,2026-01-05,2025-07-25,6,596.6666666666666,1,0,3BHK,0.1391,0.5624,1.2686692697659312,0.09239677491076571,64.0
95,Koregaon Park,1570,3,3,2025,1,26800000,-1,17070.063694267516,Koregaon Park,0.086,0.308,0.191,0.62,0.158,0.484,0.511,0.065,0.177,0.441,0.384,42,2026-01-05,2025-07-25,6,523.3333333333334,1,0,3BHK,0.1391,0.5624,1.2686692697659312,-0.049472936116606456,68.9
96,Koregaon Park,1040,2,3,2019,1,13200000,5,12692.307692307691,Koregaon Park,0.086,0.308,0.191,0.62,0.158,0.484,0.511,0.065,0.177,0.441,0.384,42,2026-01-05,2025-07-25,5,520.0,0,0,2BHK,0.1391,0.5624,1.2686692697659312,-0.5318299536096719,82.2
97,Koregaon Park,1460,3,3,2020,0,23200000,4,15890.410958904109,Koregaon Park,0.086,0.308,0.191,0.62,0.158,0.484,0.511,0.065,0.177,0.441,0.384,42,2026-01-05,2025-07-25,6,486.6666666666667,0,0,3BHK,0.1391,0.5624,1.2686692697659312,-0.1771556760412414,65.1
98,Koregaon Park,2950,4,4,2026,1,51500000,-2,17457.627118644068,Koregaon Park,0.086,0.308,0.191,0.62,0.158,0.484,0.511,0.065,0.177,0.441,0.384,42,2026-01-05,2025-07-25,8,737.5,1,0,4BHK+,0.1391,0.5624,1.2686692697659312,0.8265725294774167,49.7
99,Koregaon Park,1720,3,4,2025,0,29800000,-1,17325.581395348836,Koregaon Park,0.086,0.308,0.191,0.62,0.158,0.484,0.511,0.065,0.177,0.441,0.384,42,2026-01-05,2025-07-25,7,573.3333333333334,1,0,3BHK,0.1391,0.5624,1.2686692697659312,0.05692934715392267,59.2
100,Koregaon Park,1880,3,3,2021,0,32799999,3,17446.807978723406,Koregaon Park,0.086,0.308,0.191,0.62,0.158,0.484,0.511,0.065,0.177,0.441,0.384,42,2026-01-05,2025-07-25,6,626.6666666666666,1,0,3BHK,0.1391,0.5624,1.2686692697659312,0.16333159495702404,54.0
101,Koregaon Park,985,2,2,2021,1,11900000,3,12081.218274111676,Koregaon Park,0.086,0.308,0.191,0.62,0.158,0.484,0.511,0.065,0.177,0.441,0.384,42,2026-01-05,2025-07-25,4,492.5,1,0,2BHK,0.1391,0.5624,1.2686692697659312,-0.5779376096935678,83.0
102,Koregaon Park,1510,3,3,2018,1,25299999,6,16754.966225165565,Koregaon Park,0.086,0.308,0.191,0.62,0.158,0.484,0.511,0.065,0.177,0.441,0.384,42,2026-01-05,2025-07-25,6,503.3333333333333,0,0,3BHK,0.1391,0.5624,1.2686692697659312,-0.10267411321929877,67.8
103,Koregaon Park,1370,3,3,2022,1,22100000,2,16131.38686131387,Koregaon Park,0.086,0.308,0.191,0.62,0.158,0.484,0.511,0.065,0.177,0.441,0.384,42,2026-01-05,2025-07-25,6,456.6666666666667,1,0,3BHK,0.1391,0.5624,1.2686692697659312,-0.21616984657376875,73.0
104,Koregaon Park,890,2,2,2026,0,10900000,-2,12247.191011235955,Koregaon Park,0.086,0.308,0.191,0.62,0.158,0.484,0.511,0.065,0.177,0.441,0.384,42,2026-01-05,2025-07-25,4,445.0,1,0,2BHK,0.1391,0.5624,1.2686692697659312,-0.6134050374504109,77.7
105,Koregaon Park,2020,3,4,2025,1,35200000,-1,17425.742574257427,Koregaon Park,0.086,0.308,0.191,0.62,0.158,0.484,0.511,0.065,0.177,0.441,0.384,42,2026-01-05,2025-07-25,7,673.3333333333334,1,0,3BHK,0.1391,0.5624,1.2686692697659312,0.2484534570408751,58.5
106,Koregaon Park,3300,4,4,2026,0,57000000,-2,17272.727272727272,Koregaon Park,0.086,0.308,0.191,0.62,0.158,0.484,0.511,0.065,0.177,0.441,0.384,42,2026-01-05,2025-07-25,8,825.0,1,0,4BHK+,0.1391,0.5624,1.2686692697659312,1.0216433821400535,43.7
107,Koregaon Park,1670,3,3,2020,1,28900000,4,17305.389221556885,Koregaon Park,0.086,0.308,0.191,0.62,0.158,0.484,0.511,0.065,0.177,0.441,0.384,42,2026-01-05,2025-07-25,6,556.6666666666666,0,0,3BHK,0.1391,0.5624,1.2686692697659312,0.025008662172763936,64.3
108,Koregaon Park,1015,2,2,2023,1,12700000,1,12512.31527093596,Koregaon Park,0.086,0.308,0.191,0.62,0.158,0.484,0.511,0.065,0.177,0.441,0.384,42,2026-01-05,2025-07-25,4,507.5,1,0,2BHK,0.1391,0.5624,1.2686692697659312,-0.5495636674880934,84.2
109,Koregaon Park,1445,3,3,2018,1,23900000,6,16539.792387543253,Koregaon Park,0.086,0.308,0.191,0.62,0.158,0.484,0.511,0.065,0.177,0.441,0.384,42,2026-01-05,2025-07-25,6,481.6666666666667,0,0,3BHK,0.1391,0.5624,1.2686692697659312,-0.15232847661145127,69.2
110,Koregaon Park,1815,3,4,2026,1,31300000,-2,17245.17906336088,Koregaon Park,0.086,0.308,0.191,0.62,0.158,0.484,0.511,0.065,0.177,0.441,0.384,42,2026-01-05,2025-07-25,7,605.0,1,0,3BHK,0.1391,0.5624,1.2686692697659312,0.11013048878918724,63.3
111,Koregaon Park,975,2,2,2018,1,11700000,6,12000.0,Koregaon Park,0.086,0.308,0.191,0.62,0.158,0.484,0.511,0.065,0.177,0.441,0.384,42,2026-01-05,2025-07-25,4,487.5,0,0,2BHK,0.1391,0.5624,1.2686692697659312,-0.5850310952449363,81.5
112,Koregaon Park,1565,3,4,2026,1,27300000,-2,17444.08945686901,Koregaon Park,0.086,0.308,0.191,0.62,0.158,0.484,0.511,0.065,0.177,0.441,0.384,42,2026-01-05,2025-07-25,7,521.6666666666666,1,0,3BHK,0.1391,0.5624,1.2686692697659312,-0.031739222238184935,68.3
113,Koregaon Park,2880,4,4,2023,1,50500000,1,17534.722222222223,Koregaon Park,0.086,0.308,0.191,0.62,0.158,0.484,0.511,0.065,0.177,0.441,0.384,42,2026-01-05,2025-07-25,8,720.0,1,0,4BHK+,0.1391,0.5624,1.2686692697659312,0.7911051017205737,49.2
114,Koregaon Park,1535,3,3,2026,1,25900000,-2,16872.964169381106,Koregaon Park,0.086,0.308,0.191,0.62,0.158,0.484,0.511,0.065,0.177,0.441,0.384,42,2026-01-05,2025-07-25,6,511.6666666666667,1,0,3BHK,0.1391,0.5624,1.2686692697659312,-0.0813936210977652,70.0
115,Koregaon Park,1865,3,3,2019,1,32300000,5,17319.034852546916,Koregaon Park,0.086,0.308,0.191,0.62,0.158,0.484,0.511,0.065,0.177,0.441,0.384,42,2026-01-05,2025-07-25,6,621.6666666666666,0,0,3BHK,0.1391,0.5624,1.2686692697659312,0.14559791654603027,59.6
116,Koregaon Park,865,2,3,2020,1,10700000,4,12369.942196531792,Koregaon Park,0.086,0.308,0.191,0.62,0.158,0.484,0.511,0.065,0.177,0.441,0.384,42,2026-01-05,2025-07-25,5,432.5,0,0,2BHK,0.1391,0.5624,1.2686692697659312,-0.6204985230017794,81.5
117,Koregaon Park,1435,3,3,2020,0,22900000,4,15958.188153310104,Koregaon Park,0.086,0.308,0.191,0.62,0.158,0.484,0.511,0.065,0.177,0.441,0.384,42,2026-01-05,2025-07-25,6,478.3333333333333,0,0,3BHK,0.1391,0.5624,1.2686692697659312,-0.18779590436829433,65.4
118,Koregaon Park,1985,3,3,2021,0,34600000,3,17430.73047858942,Koregaon Park,0.086,0.308,0.191,0.62,0.158,0.484,0.511,0.065,0.177,0.441,0.384,42,2026-01-05,2025-07-25,6,661.6666666666666,1,0,3BHK,0.1391,0.5624,1.2686692697659312,0.22717300038676927,51.7
119,Koregaon Park,995,2,2,2023,1,12300000,1,12361.809045226131,Koregaon Park,0.086,0.308,0.191,0.62,0.158,0.484,0.511,0.065,0.177,0.441,0.384,42,2026-01-05,2025-07-25,4,497.5,1,0,2BHK,0.1391,0.5624,1.2686692697659312,-0.5637506385908305,84.1
120,Koregaon Park,1645,3,4,2026,0,28300000,-2,17203.647416413372,Koregaon Park,0.086,0.308,0.191,0.62,0.158,0.484,0.511,0.065,0.177,0.441,0.384,42,2026-01-05,2025-07-25,7,548.3333333333334,1,0,3BHK,0.1391,0.5624,1.2686692697659312,0.003728205518658109,61.1
121,Koregaon Park,3050,4,5,2023,1,53500000,1,17540.983606557376,Koregaon Park,0.086,0.308,0.191,0.62,0.158,0.484,0.511,0.065,0.177,0.441,0.384,42,2026-01-05,2025-07-25,9,762.5,1,0,4BHK+,0.1391,0.5624,1.2686692697659312,0.8975073849911028,49.2
122,Koregaon Park,1495,3,3,2023,1,24700000,1,16521.739130434784,Koregaon Park,0.086,0.308,0.191,0.62,0.158,0.484,0.511,0.065,0.177,0.441,0.384,42,2026-01-05,2025-07-25,6,498.3333333333333,1,0,3BHK,0.1391,0.5624,1.2686692697659312,-0.12395453440597684,71.0
123,Koregaon Park,915,2,2,2018,1,11200000,6,12240.437158469946,Koregaon Park,0.086,0.308,0.191,0.62,0.158,0.484,0.511,0.065,0.177,0.441,0.384,42,2026-01-05,2025-07-25,4,457.5,0,0,2BHK,0.1391,0.5624,1.2686692697659312,-0.602764809123358,80.9
124,Koregaon Park,1795,3,3,2022,0,30900000,2,17214.484679665737,Koregaon Park,0.086,0.308,0.191,0.62,0.158,0.484,0.511,0.065,0.177,0.441,0.384,42,2026-01-05,2025-07-25,6,598.3333333333334,1,0,3BHK,0.1391,0.5624,1.2686692697659312,0.09594351768645001,56.8
125,Koregaon Park,1575,3,3,2026,0,26900000,-2,17079.365079365078,Koregaon Park,0.086,0.308,0.191,0.62,0.158,0.484,0.511,0.065,0.177,0.441,0.384,42,2026-01-05,2025-07-25,6,525.0,1,0,3BHK,0.1391,0.5624,1.2686692697659312,-0.04592619334092215,62.8
126,Koregaon Park,1045,2,3,2018,0,13300000,6,12727.272727272728,Koregaon Park,0.086,0.308,0.191,0.62,0.158,0.484,0.511,0.065,0.177,0.441,0.384,42,2026-01-05,2025-07-25,5,522.5,0,0,2BHK,0.1391,0.5624,1.2686692697659312,-0.5282832108339875,75.7
127,Koregaon Park,1465,3,3,2018,0,23300000,6,15904.43686006826,Koregaon Park,0.086,0.308,0.191,0.62,0.158,0.484,0.511,0.065,0.177,0.441,0.384,42,2026-01-05,2025-07-25,6,488.3333333333333,0,0,3BHK,0.1391,0.5624,1.2686692697659312,-0.1736089332655571,64.1
128,Koregaon Park,2980,4,4,2020,0,52000000,4,17449.664429530203,Koregaon Park,0.086,0.308,0.191,0.62,0.158,0.484,0.511,0.065,0.177,0.441,0.384,42,2026-01-05,2025-07-25,8,745.0,0,0,4BHK+,0.1391,0.5624,1.2686692697659312,0.8443062433558383,41.7
129,Koregaon Park,1730,3,3,2020,0,29900000,4,17283.236994219653,Koregaon Park,0.086,0.308,0.191,0.62,0.158,0.484,0.511,0.065,0.177,0.441,0.384,42,2026-01-05,2025-07-25,6,576.6666666666666,0,0,3BHK,0.1391,0.5624,1.2686692697659312,0.06047608992960698,57.1
130,Koregaon Park,1890,3,3,2026,1,32900000,-2,17407.40740740741,Koregaon Park,0.086,0.308,0.191,0.62,0.158,0.484,0.511,0.065,0.177,0.441,0.384,42,2026-01-05,2025-07-25,6,630.0,1,0,3BHK,0.1391,0.5624,1.2686692697659312,0.1668783732001361,61.3
131,Koregaon Park,990,2,2,2019,1,12000000,5,12121.212121212122,Koregaon Park,0.086,0.308,0.191,0.62,0.158,0.484,0.511,0.065,0.177,0.441,0.384,42,2026-01-05,2025-07-25,4,495.0,0,0,2BHK,0.1391,0.5624,1.2686692697659312,-0.5743908669178834,82.1
132,Koregaon Park,1515,3,3,2019,1,25400000,5,16765.676567656767,Koregaon Park,0.086,0.308,0.191,0.62,0.158,0.484,0.511,0.065,0.177,0.441,0.384,42,2026-01-05,2025-07-25,6,505.0,0,0,3BHK,0.1391,0.5624,1.2686692697659312,-0.09912733497618671,68.2
133,Koregaon Park,1375,3,3,2021,1,22000000,3,16000.0,Koregaon Park,0.086,0.308,0.191,0.62,0.158,0.484,0.511,0.065,0.177,0.441,0.384,42,2026-01-05,2025-07-25,6,458.3333333333333,1,0,3BHK,0.1391,0.5624,1.2686692697659312,-0.21971658934945307,72.6
134,Koregaon Park,895,2,3,2022,1,11000000,2,12290.50279329609,Koregaon Park,0.086,0.308,0.191,0.62,0.158,0.484,0.511,0.065,0.177,0.441,0.384,42,2026-01-05,2025-07-25,5,447.5,1,0,2BHK,0.1391,0.5624,1.2686692697659312,-0.6098582946747265,82.7
135,Koregaon Park,2030,3,3,2023,1,35300000,1,17389.162561576355,Koregaon Park,0.086,0.308,0.191,0.62,0.158,0.484,0.511,0.065,0.177,0.441,0.384,42,2026-01-05,2025-07-25,6,676.6666666666666,1,0,3BHK,0.1391,0.5624,1.2686692697659312,0.2520001998165594,57.9
136,Koregaon Park,3250,4,4,2020,0,56000000,4,17230.76923076923,Koregaon Park,0.086,0.308,0.191,0.62,0.158,0.484,0.511,0.065,0.177,0.441,0.384,42,2026-01-05,2025-07-25,8,812.5,0,0,4BHK+,0.1391,0.5624,1.2686692697659312,0.9861759543832104,41.7
137,Koregaon Park,1680,3,3,2022,0,29000000,2,17261.904761904763,Koregaon Park,0.086,0.308,0.191,0.62,0.158,0.484,0.511,0.065,0.177,0.441,0.384,42,2026-01-05,2025-07-25,6,560.0,1,0,3BHK,0.1391,0.5624,1.2686692697659312,0.02855540494844824,59.2
138,Koregaon Park,1025,2,3,2024,0,12800000,0,12487.80487804878,Koregaon Park,0.086,0.308,0.191,0.62,0.158,0.484,0.511,0.065,0.177,0.441,0.384,42,2026-01-05,2025-07-25,5,512.5,1,0,2BHK,0.1391,0.5624,1.2686692697659312,-0.546016924712409,78.7
139,Koregaon Park,1455,3,3,2025,0,24000000,-1,16494.845360824744,Koregaon Park,0.086,0.308,0.191,0.62,0.158,0.484,0.511,0.065,0.177,0.441,0.384,42,2026-01-05,2025-07-25,6,485.0,1,0,3BHK,0.1391,0.5624,1.2686692697659312,-0.14878173383576698,66.1
140,Koregaon Park,1825,3,3,2025,0,31400000,-1,17205.479452054795,Koregaon Park,0.086,0.308,0.191,0.62,0.158,0.484,0.511,0.065,0.177,0.441,0.384,42,2026-01-05,2025-07-25,6,608.3333333333334,1,0,3BHK,0.1391,0.5624,1.2686692697659312,0.11367723156487154,57.2
141,Koregaon Park,980,2,2,2026,0,11800000,-2,12040.816326530612,Koregaon Park,0.086,0.308,0.191,0.62,0.158,0.484,0.511,0.065,0.177,0.441,0.384,42,2026-01-05,2025-07-25,4,490.0,1,0,2BHK,0.1391,0.5624,1.2686692697659312,-0.5814843524692521,78.5
142,Koregaon Park,1575,3,3,2026,0,27400000,-2,17396.825396825396,Koregaon Park,0.086,0.308,0.191,0.62,0.158,0.484,0.511,0.065,0.177,0.441,0.384,42,2026-01-05,2025-07-25,6,525.0,1,0,3BHK,0.1391,0.5624,1.2686692697659312,-0.02819247946250063,62.2
143,Koregaon Park,1545,3,3,2026,1,26000000,-2,16828.478964401296,Koregaon Park,0.086,0.308,0.191,0.62,0.158,0.484,0.511,0.065,0.177,0.441,0.384,42,2026-01-05,2025-07-25,6,515.0,1,0,3BHK,0.1391,0.5624,1.2686692697659312,-0.07784687832208088,69.9
144,Koregaon Park,1875,3,3,2024,1,32400000,0,17280.0,Koregaon Park,0.086,0.308,0.191,0.62,0.158,0.484,0.511,0.065,0.177,0.441,0.384,42,2026-01-05,2025-07-25,6,625.0,1,0,3BHK,0.1391,0.5624,1.2686692697659312,0.14914465932171458,62.0
145,Koregaon Park,875,2,2,2018,1,10800000,6,12342.857142857143,Koregaon Park,0.086,0.308,0.191,0.62,0.158,0.484,0.511,0.065,0.177,0.441,0.384,42,2026-01-05,2025-07-25,4,437.5,0,0,2BHK,0.1391,0.5624,1.2686692697659312,-0.6169517802260951,80.6
146,Koregaon Park,1445,3,3,2024,1,23000000,0,15916.955017301038,Koregaon Park,0.086,0.308,0.191,0.62,0.158,0.484,0.511,0.065,0.177,0.441,0.384,42,2026-01-05,2025-07-25,6,481.6666666666667,1,0,3BHK,0.1391,0.5624,1.2686692697659312,-0.18424916159261,73.3
147,Koregaon Park,1995,3,3,2019,1,34700000,5,17393.483709273183,Koregaon Park,0.086,0.308,0.191,0.62,0.158,0.484,0.511,0.065,0.177,0.441,0.384,42,2026-01-05,2025-07-25,6,665.0,0,0,3BHK,0.1391,0.5624,1.2686692697659312,0.23071974316245358,56.6
148,Koregaon Park,1005,2,2,2025,1,12200000,-1,12139.303482587065,Koregaon Park,0.086,0.308,0.191,0.62,0.158,0.484,0.511,0.065,0.177,0.441,0.384,42,2026-01-05,2025-07-25,4,502.5,1,0,2BHK,0.1391,0.5624,1.2686692697659312,-0.5672973813665149,84.7
149,Koregaon Park,1655,3,3,2024,1,28400000,0,17160.12084592145,Koregaon Park,0.086,0.308,0.191,0.62,0.158,0.484,0.511,0.065,0.177,0.441,0.384,42,2026-01-05,2025-07-25,6,551.6666666666666,1,0,3BHK,0.1391,0.5624,1.2686692697659312,0.007274948294342413,66.9
150,Koregaon Park,3150,4,5,2024,1,55000000,0,17460.31746031746,Koregaon Park,0.086,0.308,0.191,0.62,0.158,0.484,0.511,0.065,0.177,0.441,0.384,42,2026-01-05,2025-07-25,9,787.5,1,0,4BHK+,0.1391,0.5624,1.2686692697659312,0.9507085266263674,49.7
151,Koregaon Park,1505,3,4,2024,0,24800000,0,16478.40531561462,Koregaon Park,0.086,0.308,0.191,0.62,0.158,0.484,0.511,0.065,0.177,0.441,0.384,42,2026-01-05,2025-07-25,7,501.6666666666667,1,0,3BHK,0.1391,0.5624,1.2686692697659312,-0.12040779163029254,65.4
152,Koregaon Park,925,2,3,2024,0,11100000,0,12000.0,Koregaon Park,0.086,0.308,0.191,0.62,0.158,0.484,0.511,0.065,0.177,0.441,0.384,42,2026-01-05,2025-07-25,5,462.5,1,0,2BHK,0.1391,0.5624,1.2686692697659312,-0.6063115518990422,78.0
153,Koregaon Park,1805,3,3,2023,1,31000000,1,17174.515235457064,Koregaon Park,0.086,0.308,0.191,0.62,0.158,0.484,0.511,0.065,0.177,0.441,0.384,42,2026-01-05,2025-07-25,6,601.6666666666666,1,0,3BHK,0.1391,0.5624,1.2686692697659312,0.09949026046213433,63.2
154,Koregaon Park,1585,3,4,2022,1,27000000,2,17034.700315457412,Koregaon Park,0.086,0.308,0.191,0.62,0.158,0.484,0.511,0.065,0.177,0.441,0.384,42,2026-01-05,2025-07-25,7,528.3333333333334,1,0,3BHK,0.1391,0.5624,1.2686692697659312,-0.04237945056523785,67.7
155,Koregaon Park,1055,2,2,2025,1,13400000,-1,12701.421800947868,Koregaon Park,0.086,0.308,0.191,0.62,0.158,0.484,0.511,0.065,0.177,0.441,0.384,42,2026-01-05,2025-07-25,4,527.5,1,0,2BHK,0.1391,0.5624,1.2686692697659312,-0.5247364680583032,84.7
156,Koregaon Park,1475,3,3,2026,1,23400000,-2,15864.406779661016,Koregaon Park,0.086,0.308,0.191,0.62,0.158,0.484,0.511,0.065,0.177,0.441,0.384,42,2026-01-05,2025-07-25,6,491.6666666666667,1,0,3BHK,0.1391,0.5624,1.2686692697659312,-0.1700621904898728,73.0
157,Koregaon Park,3020,4,4,2026,1,52500000,-2,17384.1059602649,Koregaon Park,0.086,0.308,0.191,0.62,0.158,0.484,0.511,0.065,0.177,0.441,0.384,42,2026-01-05,2025-07-25,8,755.0,1,0,4BHK+,0.1391,0.5624,1.2686692697659312,0.8620399572342597,49.7
158,Koregaon Park,1740,3,3,2025,1,30000000,-1,17241.379310344826,Koregaon Park,0.086,0.308,0.191,0.62,0.158,0.484,0.511,0.065,0.177,0.441,0.384,42,2026-01-05,2025-07-25,6,580.0,1,0,3BHK,0.1391,0.5624,1.2686692697659312,0.06402283270529129,64.9
159,Koregaon Park,1000,2,3,2018,1,12100000,6,12100.0,Koregaon Park,0.086,0.308,0.191,0.62,0.158,0.484,0.511,0.065,0.177,0.441,0.384,42,2026-01-05,2025-07-25,5,500.0,0,0,2BHK,0.1391,0.5624,1.2686692697659312,-0.5708441241421992,81.7
160,Koregaon Park,1525,3,3,2018,1,25500000,6,16721.311475409835,Koregaon Park,0.086,0.308,0.191,0.62,0.158,0.484,0.511,0.065,0.177,0.441,0.384,42,2026-01-05,2025-07-25,6,508.3333333333333,0,0,3BHK,0.1391,0.5624,1.2686692697659312,-0.09558059220050241,67.5
161,Koregaon Park,1385,3,3,2023,1,22100000,1,15956.678700361012,Koregaon Park,0.086,0.308,0.191,0.62,0.158,0.484,0.511,0.065,0.177,0.441,0.384,42,2026-01-05,2025-07-25,6,461.6666666666667,1,0,3BHK,0.1391,0.5624,1.2686692697659312,-0.21616984657376875,73.6
162,Koregaon Park,905,2,2,2025,1,11100000,-1,12265.193370165745,Koregaon Park,0.086,0.308,0.191,0.62,0.158,0.484,0.511,0.065,0.177,0.441,0.384,42,2026-01-05,2025-07-25,4,452.5,1,0,2BHK,0.1391,0.5624,1.2686692697659312,-0.6063115518990422,83.8
163,Koregaon Park,2040,3,3,2024,0,35400000,0,17352.941176470587,Koregaon Park,0.086,0.308,0.191,0.62,0.158,0.484,0.511,0.065,0.177,0.441,0.384,42,2026-01-05,2025-07-25,6,680.0,1,0,3BHK,0.1391,0.5624,1.2686692697659312,0.2555469425922437,52.2
164,Koregaon Park,3350,4,4,2021,1,57500000,3,17164.17910447761,Koregaon Park,0.086,0.308,0.191,0.62,0.158,0.484,0.511,0.065,0.177,0.441,0.384,42,2026-01-05,2025-07-25,8,837.5,1,0,4BHK+,0.1391,0.5624,1.2686692697659312,1.039377096018475,48.2
165,Koregaon Park,1690,3,3,2024,1,29100000,0,17218.934911242603,Koregaon Park,0.086,0.308,0.191,0.62,0.158,0.484,0.511,0.065,0.177,0.441,0.384,42,2026-01-05,2025-07-25,6,563.3333333333334,1,0,3BHK,0.1391,0.5624,1.2686692697659312,0.03210214772413254,66.1
166,Koregaon Park,1035,2,2,2019,1,12900000,5,12463.768115942028,Koregaon Park,0.086,0.308,0.191,0.62,0.158,0.484,0.511,0.065,0.177,0.441,0.384,42,2026-01-05,2025-07-25,4,517.5,0,0,2BHK,0.1391,0.5624,1.2686692697659312,-0.5424701819367247,82.2
167,Koregaon Park,1465,3,4,2025,1,24100000,-1,16450.511945392493,Koregaon Park,0.086,0.308,0.191,0.62,0.158,0.484,0.511,0.065,0.177,0.441,0.384,42,2026-01-05,2025-07-25,7,488.3333333333333,1,0,3BHK,0.1391,0.5624,1.2686692697659312,-0.14523499106008267,72.1
168,Koregaon Park,1835,3,3,2021,0,31500000,3,17166.212534059945,Koregaon Park,0.086,0.308,0.191,0.62,0.158,0.484,0.511,0.065,0.177,0.441,0.384,42,2026-01-05,2025-07-25,6,611.6666666666666,1,0,3BHK,0.1391,0.5624,1.2686692697659312,0.11722397434055584,55.6
169,Koregaon Park,990,2,2,2026,1,11900000,-2,12020.20202020202,Koregaon Park,0.086,0.308,0.191,0.62,0.158,0.484,0.511,0.065,0.177,0.441,0.384,42,2026-01-05,2025-07-25,4,495.0,1,0,2BHK,0.1391,0.5624,1.2686692697659312,-0.5779376096935678,84.6
170,Koregaon Park,1585,3,4,2026,1,27500000,-2,17350.157728706625,Koregaon Park,0.086,0.308,0.191,0.62,0.158,0.484,0.511,0.065,0.177,0.441,0.384,42,2026-01-05,2025-07-25,7,528.3333333333334,1,0,3BHK,0.1391,0.5624,1.2686692697659312,-0.024645736686816324,68.0
171,Koregaon Park,1555,3,4,2019,1,26100000,5,16784.565916398715,Koregaon Park,0.086,0.308,0.191,0.62,0.158,0.484,0.511,0.065,0.177,0.441,0.384,42,2026-01-05,2025-07-25,7,518.3333333333334,0,0,3BHK,0.1391,0.5624,1.2686692697659312,-0.07430013554639658,67.3
172,Koregaon Park,1885,3,4,2020,1,32500000,4,17241.379310344826,Koregaon Park,0.086,0.308,0.191,0.62,0.158,0.484,0.511,0.065,0.177,0.441,0.384,42,2026-01-05,2025-07-25,7,628.3333333333334,0,0,3BHK,0.1391,0.5624,1.2686692697659312,0.1526914020973989,59.8
173,Koregaon Park,885,2,2,2025,0,10900000,-1,12316.384180790961,Koregaon Park,0.086,0.308,0.191,0.62,0.158,0.484,0.511,0.065,0.177,0.441,0.384,42,2026-01-05,2025-07-25,4,442.5,1,0,2BHK,0.1391,0.5624,1.2686692697659312,-0.6134050374504109,77.6
174,Koregaon Park,1455,3,4,2024,1,23100000,0,15876.288659793814,Koregaon Park,0.086,0.308,0.191,0.62,0.158,0.484,0.511,0.065,0.177,0.441,0.384,42,2026-01-05,2025-07-25,7,485.0,1,0,3BHK,0.1391,0.5624,1.2686692697659312,-0.18070241881692573,73.2
175,Koregaon Park,2005,3,3,2018,0,34800000,6,17356.60847880299,Koregaon Park,0.086,0.308,0.191,0.62,0.158,0.484,0.511,0.065,0.177,0.441,0.384,42,2026-01-05,2025-07-25,6,668.3333333333334,0,0,3BHK,0.1391,0.5624,1.2686692697659312,0.2342664859381379,50.0
176,Koregaon Park,1015,2,3,2026,1,12100000,-2,11921.182266009851,Koregaon Park,0.086,0.308,0.191,0.62,0.158,0.484,0.511,0.065,0.177,0.441,0.384,42,2026-01-05,2025-07-25,5,507.5,1,0,2BHK,0.1391,0.5624,1.2686692697659312,-0.5708441241421992,84.7
177,Koregaon Park,1665,3,3,2020,0,28500000,4,17117.117117117115,Koregaon Park,0.086,0.308,0.191,0.62,0.158,0.484,0.511,0.065,0.177,0.441,0.384,42,2026-01-05,2025-07-25,6,555.0,0,0,3BHK,0.1391,0.5624,1.2686692697659312,0.010821691070026718,58.8
178,Koregaon Park,3200,4,4,2019,0,56500000,5,17656.25,Koregaon Park,0.086,0.308,0.191,0.62,0.158,0.484,0.511,0.065,0.177,0.441,0.384,42,2026-01-05,2025-07-25,8,800.0,0,0,4BHK+,0.1391,0.5624,1.2686692697659312,1.003909668261632,41.2
179,Koregaon Park,1515,3,3,2024,1,24900000,0,16435.643564356436,Koregaon Park,0.086,0.308,0.191,0.62,0.158,0.484,0.511,0.065,0.177,0.441,0.384,42,2026-01-05,2025-07-25,6,505.0,1,0,3BHK,0.1391,0.5624,1.2686692697659312,-0.11686104885460824,71.3
180,Koregaon Park,935,2,2,2021,0,11200000,3,11978.609625668449,Koregaon Park,0.086,0.308,0.191,0.62,0.158,0.484,0.511,0.065,0.177,0.441,0.384,42,2026-01-05,2025-07-25,4,467.5,1,0,2BHK,0.1391,0.5624,1.2686692697659312,-0.602764809123358,76.6
181,Koregaon Park,1815,3,3,2022,1,31100000,2,17134.986225895318,Koregaon Park,0.086,0.308,0.191,0.62,0.158,0.484,0.511,0.065,0.177,0.441,0.384,42,2026-01-05,2025-07-25,6,605.0,1,0,3BHK,0.1391,0.5624,1.2686692697659312,0.10303700323781863,62.6
182,Koregaon Park,1595,3,3,2020,1,27100000,4,16990.595611285265,Koregaon Park,0.086,0.308,0.191,0.62,0.158,0.484,0.511,0.065,0.177,0.441,0.384,42,2026-01-05,2025-07-25,6,531.6666666666666,0,0,3BHK,0.1391,0.5624,1.2686692697659312,-0.03883270778955354,66.5
183,Koregaon Park,1065,2,2,2018,0,13500000,6,12676.05633802817,Koregaon Park,0.086,0.308,0.191,0.62,0.158,0.484,0.511,0.065,0.177,0.441,0.384,42,2026-01-05,2025-07-25,4,532.5,0,0,2BHK,0.1391,0.5624,1.2686692697659312,-0.521189725282619,75.7
184,Koregaon Park,1485,3,3,2019,1,23500000,5,15824.915824915824,Koregaon Park,0.086,0.308,0.191,0.62,0.158,0.484,0.511,0.065,0.177,0.441,0.384,42,2026-01-05,2025-07-25,6,495.0,0,0,3BHK,0.1391,0.5624,1.2686692697659312,-0.1665154477141885,70.4
185,Koregaon Park,3080,4,4,2020,1,53000000,4,17207.79220779221,Koregaon Park,0.086,0.308,0.191,0.62,0.158,0.484,0.511,0.065,0.177,0.441,0.384,42,2026-01-05,2025-07-25,8,770.0,0,0,4BHK+,0.1391,0.5624,1.2686692697659312,0.8797736711126812,47.7
186,Koregaon Park,1750,3,3,2023,0,30099999,1,17199.999428571427,Koregaon Park,0.086,0.308,0.191,0.62,0.158,0.484,0.511,0.065,0.177,0.441,0.384,42,2026-01-05,2025-07-25,6,583.3333333333334,1,0,3BHK,0.1391,0.5624,1.2686692697659312,0.06756954001354783,58.3
187,Koregaon Park,1910,3,3,2019,0,33100000,5,17329.84293193717,Koregaon Park,0.086,0.308,0.191,0.62,0.158,0.484,0.511,0.065,0.177,0.441,0.384,42,2026-01-05,2025-07-25,6,636.6666666666666,0,0,3BHK,0.1391,0.5624,1.2686692697659312,0.17397185875150473,52.6
188,Koregaon Park,1010,2,2,2023,1,12200000,1,12079.20792079208,Koregaon Park,0.086,0.308,0.191,0.62,0.158,0.484,0.511,0.065,0.177,0.441,0.384,42,2026-01-05,2025-07-25,4,505.0,1,0,2BHK,0.1391,0.5624,1.2686692697659312,-0.5672973813665149,84.2
189,Koregaon Park,1535,3,3,2026,1,25600000,-2,16677.524429967427,Koregaon Park,0.086,0.308,0.191,0.62,0.158,0.484,0.511,0.065,0.177,0.441,0.384,42,2026-01-05,2025-07-25,6,511.6666666666667,1,0,3BHK,0.1391,0.5624,1.2686692697659312,-0.09203384942481811,70.4
190,Koregaon Park,1395,3,3,2025,0,22200000,-1,15913.978494623656,Koregaon Park,0.086,0.308,0.191,0.62,0.158,0.484,0.511,0.065,0.177,0.441,0.384,42,2026-01-05,2025-07-25,6,465.0,1,0,3BHK,0.1391,0.5624,1.2686692697659312,-0.21262310379808444,68.0
191,Koregaon Park,3450,4,4,2026,1,59000000,-2,17101.44927536232,Koregaon Park,0.086,0.308,0.191,0.62,0.158,0.484,0.511,0.065,0.177,0.441,0.384,42,2026-01-05,2025-07-25,8,862.5,1,0,4BHK+,0.1391,0.5624,1.2686692697659312,1.0925782376537396,49.7
192,Koregaon Park,1700,3,3,2026,1,29200000,-2,17176.470588235294,Koregaon Park,0.086,0.308,0.191,0.62,0.158,0.484,0.511,0.065,0.177,0.441,0.384,42,2026-01-05,2025-07-25,6,566.6666666666666,1,0,3BHK,0.1391,0.5624,1.2686692697659312,0.03564889049981685,65.9
193,Koregaon Park,1045,2,2,2021,1,13000000,3,12440.19138755981,Koregaon Park,0.086,0.308,0.191,0.62,0.158,0.484,0.511,0.065,0.177,0.441,0.384,42,2026-01-05,2025-07-25,4,522.5,1,0,2BHK,0.1391,0.5624,1.2686692697659312,-0.5389234391610405,83.2
194,Koregaon Park,1475,3,3,2021,1,24200000,3,16406.77966101695,Koregaon Park,0.086,0.308,0.191,0.62,0.158,0.484,0.511,0.065,0.177,0.441,0.384,42,2026-01-05,2025-07-25,6,491.6666666666667,1,0,3BHK,0.1391,0.5624,1.2686692697659312,-0.14168824828439835,70.5
195,Koregaon Park,1845,3,3,2025,1,31600000,-1,17127.37127371274,Koregaon Park,0.086,0.308,0.191,0.62,0.158,0.484,0.511,0.065,0.177,0.441,0.384,42,2026-01-05,2025-07-25,6,615.0,1,0,3BHK,0.1391,0.5624,1.2686692697659312,0.12077071711624016,63.0
196,Koregaon Park,1000,2,2,2020,1,12000000,4,12000.0,Koregaon Park,0.086,0.308,0.191,0.62,0.158,0.484,0.511,0.065,0.177,0.441,0.384,42,2026-01-05,2025-07-25,4,500.0,0,0,2BHK,0.1391,0.5624,1.2686692697659312,-0.5743908669178834,82.7
197,Koregaon Park,1595,3,3,2018,1,27599999,6,17304.07460815047,Koregaon Park,0.086,0.308,0.191,0.62,0.158,0.484,0.511,0.065,0.177,0.441,0.384,42,2026-01-05,2025-07-25,6,531.6666666666666,0,0,3BHK,0.1391,0.5624,1.2686692697659312,-0.02109902937855978,64.9
198,Koregaon Park,3000,4,4,2019,0,52000000,5,17333.333333333332,Koregaon Park,0.086,0.308,0.191,0.62,0.158,0.484,0.511,0.065,0.177,0.441,0.384,42,2026-01-05,2025-07-25,8,750.0,0,0,4BHK+,0.1391,0.5624,1.2686692697659312,0.8443062433558383,41.2
199,Koregaon Park,1565,3,4,2025,1,26200000,-1,16741.214057507987,Koregaon Park,0.086,0.308,0.191,0.62,0.158,0.484,0.511,0.065,0.177,0.441,0.384,42,2026-01-05,2025-07-25,7,521.6666666666666,1,0,3BHK,0.1391,0.5624,1.2686692697659312,-0.07075339277071228,69.7
200,Koregaon Park,1895,3,3,2019,0,32599999,5,17203.165699208443,Koregaon Park,0.086,0.308,0.191,0.62,0.158,0.484,0.511,0.065,0.177,0.441,0.384,42,2026-01-05,2025-07-25,6,631.6666666666666,0,0,3BHK,0.1391,0.5624,1.2686692697659312,0.15623810940565544,53.2
201,Koregaon Park,1465,3,3,2023,1,23200000,1,15836.17747440273,Koregaon Park,0.086,0.308,0.191,0.62,0.158,0.484,0.511,0.065,0.177,0.441,0.384,42,2026-01-05,2025-07-25,6,488.3333333333333,1,0,3BHK,0.1391,0.5624,1.2686692697659312,-0.1771556760412414,72.7
202,Koregaon Park,2015,3,3,2020,1,34900000,4,17320.099255583125,Koregaon Park,0.086,0.308,0.191,0.62,0.158,0.484,0.511,0.065,0.177,0.441,0.384,42,2026-01-05,2025-07-25,6,671.6666666666666,0,0,3BHK,0.1391,0.5624,1.2686692697659312,0.23781322871382218,56.9
203,Koregaon Park,1025,2,2,2022,1,12000000,2,11707.317073170732,Koregaon Park,0.086,0.308,0.191,0.62,0.158,0.484,0.511,0.065,0.177,0.441,0.384,42,2026-01-05,2025-07-25,4,512.5,1,0,2BHK,0.1391,0.5624,1.2686692697659312,-0.5743908669178834,83.7
204,Koregaon Park,1675,3,3,2018,1,28600000,6,17074.626865671642,Koregaon Park,0.086,0.308,0.191,0.62,0.158,0.484,0.511,0.065,0.177,0.441,0.384,42,2026-01-05,2025-07-25,6,558.3333333333334,0,0,3BHK,0.1391,0.5624,1.2686692697659312,0.014368433845711022,63.7
205,Koregaon Park,3250,4,4,2025,1,58000000,-1,17846.153846153848,Koregaon Park,0.086,0.308,0.191,0.62,0.158,0.484,0.511,0.065,0.177,0.441,0.384,42,2026-01-05,2025-07-25,8,812.5,1,0,4BHK+,0.1391,0.5624,1.2686692697659312,1.0571108098968964,49.7
206,Koregaon Park,1525,3,3,2019,1,25000000,5,16393.44262295082,Koregaon Park,0.086,0.308,0.191,0.62,0.158,0.484,0.511,0.065,0.177,0.441,0.384,42,2026-01-05,2025-07-25,6,508.3333333333333,0,0,3BHK,0.1391,0.5624,1.2686692697659312,-0.11331430607892393,68.7
207,Koregaon Park,945,2,2,2023,1,11399999,1,12063.491005291005,Koregaon Park,0.086,0.308,0.191,0.62,0.158,0.484,0.511,0.065,0.177,0.441,0.384,42,2026-01-05,2025-07-25,4,472.5,1,0,2BHK,0.1391,0.5624,1.2686692697659312,-0.595671359039417,83.7
208,Koregaon Park,1825,3,3,2020,1,31200000,4,17095.890410958906,Koregaon Park,0.086,0.308,0.191,0.62,0.158,0.484,0.511,0.065,0.177,0.441,0.384,42,2026-01-05,2025-07-25,6,608.3333333333334,0,0,3BHK,0.1391,0.5624,1.2686692697659312,0.10658374601350293,61.5
209,Koregaon Park,1605,3,4,2018,1,27200000,6,16947.040498442366,Koregaon Park,0.086,0.308,0.191,0.62,0.158,0.484,0.511,0.065,0.177,0.441,0.384,42,2026-01-05,2025-07-25,7,535.0,0,0,3BHK,0.1391,0.5624,1.2686692697659312,-0.035285965013869235,65.4
210,Koregaon Park,1075,2,3,2025,1,13600000,-1,12651.162790697674,Koregaon Park,0.086,0.308,0.191,0.62,0.158,0.484,0.511,0.065,0.177,0.441,0.384,42,2026-01-05,2025-07-25,5,537.5,1,0,2BHK,0.1391,0.5624,1.2686692697659312,-0.5176429825069346,84.7
211,Koregaon Park,1495,3,3,2020,1,23600000,4,15785.953177257525,Koregaon Park,0.086,0.308,0.191,0.62,0.158,0.484,0.511,0.065,0.177,0.441,0.384,42,2026-01-05,2025-07-25,6,498.3333333333333,0,0,3BHK,0.1391,0.5624,1.2686692697659312,-0.16296870493850418,70.9
212,Koregaon Park,3120,4,4,2020,0,53500000,4,17147.4358974359,Koregaon Park,0.086,0.308,0.191,0.62,0.158,0.484,0.511,0.065,0.177,0.441,0.384,42,2026-01-05,2025-07-25,8,780.0,0,0,4BHK+,0.1391,0.5624,1.2686692697659312,0.8975073849911028,41.7
213,Koregaon Park,1760,3,3,2022,1,30200000,2,17159.090909090908,Koregaon Park,0.086,0.308,0.191,0.62,0.158,0.484,0.511,0.065,0.177,0.441,0.384,42,2026-01-05,2025-07-25,6,586.6666666666666,1,0,3BHK,0.1391,0.5624,1.2686692697659312,0.07111631825665989,63.7
214,Koregaon Park,1920,3,3,2023,0,33200000,1,17291.666666666668,Koregaon Park,0.086,0.308,0.191,0.62,0.158,0.484,0.511,0.065,0.177,0.441,0.384,42,2026-01-05,2025-07-25,6,640.0,1,0,3BHK,0.1391,0.5624,1.2686692697659312,0.177518601527189,54.5
215,Koregaon Park,1020,2,2,2020,0,12300000,4,12058.823529411764,Koregaon Park,0.086,0.308,0.191,0.62,0.158,0.484,0.511,0.065,0.177,0.441,0.384,42,2026-01-05,2025-07-25,4,510.0,0,0,2BHK,0.1391,0.5624,1.2686692697659312,-0.5637506385908305,76.7
216,Hinjewadi,768,2,3,2022,0,7520000,2,9791.666666666666,Hinjewadi,0.004,0.321,0.062,0.438,0.205,0.466,0.515,0.045,0.224,0.369,0.328,45,2026-01-16,2025-07-28,5,384.0,1,0,2BHK,0.0817,0.58005,0.4854415454535606,-0.30295789590293715,69.3
217,Hinjewadi,1404,3,3,2024,0,17400000,0,12393.162393162393,Hinjewadi,0.004,0.321,0.062,0.438,0.205,0.466,0.515,0.045,0.224,0.369,0.328,45,2026-01-16,2025-07-28,6,468.0,1,0,3BHK,0.0817,0.58005,0.4854415454535606,0.6128367834160763,43.7
218,Hinjewadi,1388,3,3,2025,0,20500000,-1,14769.452449567723,Hinjewadi,0.004,0.321,0.062,0.438,0.205,0.466,0.515,0.045,0.224,0.369,0.328,45,2026-01-16,2025-07-28,6,462.6666666666667,1,0,3BHK,0.0817,0.58005,0.4854415454535606,0.9001812678177911,43.6
219,Hinjewadi,803,2,3,2026,1,9080000,-2,11307.596513075965,Hinjewadi,0.004,0.321,0.062,0.438,0.205,0.466,0.515,0.045,0.224,0.369,0.328,45,2026-01-16,2025-07-28,5,401.5,1,0,2BHK,0.0817,0.58005,0.4854415454535606,-0.15835873601046133,71.6
220,Hinjewadi,1045,3,3,2019,1,10400000,5,9952.153110047846,Hinjewadi,0.004,0.321,0.062,0.438,0.205,0.466,0.515,0.045,0.224,0.369,0.328,45,2026-01-16,2025-07-28,6,348.3333333333333,0,0,3BHK,0.0817,0.58005,0.4854415454535606,-0.036005600716827964,63.8
221,Hinjewadi,795,2,2,2020,1,10100000,4,12704.40251572327,Hinjewadi,0.004,0.321,0.062,0.438,0.205,0.466,0.515,0.045,0.224,0.369,0.328,45,2026-01-16,2025-07-28,4,397.5,0,0,2BHK,0.0817,0.58005,0.4854415454535606,-0.063813131465381,66.2
222,Hinjewadi,973,3,3,2020,1,12700000,4,13052.415210688592,Hinjewadi,0.004,0.321,0.062,0.438,0.205,0.466,0.515,0.045,0.224,0.369,0.328,45,2026-01-16,2025-07-28,6,324.3333333333333,0,0,3BHK,0.0817,0.58005,0.4854415454535606,0.17718546835541202,56.4
223,Hinjewadi,1060,3,3,2019,0,13200000,5,12452.830188679245,Hinjewadi,0.004,0.321,0.062,0.438,0.205,0.466,0.515,0.045,0.224,0.369,0.328,45,2026-01-16,2025-07-28,6,353.3333333333333,0,0,3BHK,0.0817,0.58005,0.4854415454535606,0.22353135293633375,48.8
224,Hinjewadi,1088,3,3,2022,1,13799999,2,12683.822610294117,Hinjewadi,0.004,0.321,0.062,0.438,0.205,0.466,0.515,0.045,0.224,0.369,0.328,45,2026-01-16,2025-07-28,6,362.6666666666667,1,0,3BHK,0.0817,0.58005,0.4854415454535606,0.27914632174167064,54.6
225,Hinjewadi,734,2,2,2024,0,8230000,0,11212.534059945505,Hinjewadi,0.004,0.321,0.062,0.438,0.205,0.466,0.515,0.045,0.224,0.369,0.328,45,2026-01-16,2025-07-28,4,367.0,1,0,2BHK,0.0817,0.58005,0.4854415454535606,-0.23714673979802828,67.7
226,Hinjewadi,1198,3,4,2025,0,14900000,-1,12437.395659432388,Hinjewadi,0.004,0.321,0.062,0.438,0.205,0.466,0.515,0.045,0.224,0.369,0.328,45,2026-01-16,2025-07-28,7,399.3333333333333,1,0,3BHK,0.0817,0.58005,0.4854415454535606,0.38110736051146765,46.7
227,Hinjewadi,973,3,4,2021,1,10600000,3,10894.141829393628,Hinjewadi,0.004,0.321,0.062,0.438,0.205,0.466,0.515,0.045,0.224,0.369,0.328,45,2026-01-16,2025-07-28,7,324.3333333333333,1,0,3BHK,0.0817,0.58005,0.4854415454535606,-0.017467246884459272,63.8
228,Hinjewadi,846,2,2,2020,1,8750000,4,10342.789598108748,Hinjewadi,0.004,0.321,0.062,0.438,0.205,0.466,0.515,0.045,0.224,0.369,0.328,45,2026-01-16,2025-07-28,4,423.0,0,0,2BHK,0.0817,0.58005,0.4854415454535606,-0.1889470198338697,71.0
229,Hinjewadi,1060,3,3,2021,0,10300000,3,9716.981132075472,Hinjewadi,0.004,0.321,0.062,0.438,0.205,0.466,0.515,0.045,0.224,0.369,0.328,45,2026-01-16,2025-07-28,6,353.3333333333333,1,0,3BHK,0.0817,0.58005,0.4854415454535606,-0.04527477763301231,59.2
230,Hinjewadi,1082,3,3,2023,1,13400000,1,12384.473197781885,Hinjewadi,0.004,0.321,0.062,0.438,0.205,0.466,0.515,0.045,0.224,0.369,0.328,45,2026-01-16,2025-07-28,6,360.6666666666667,1,0,3BHK,0.0817,0.58005,0.4854415454535606,0.24206970676870243,56.3
231,Hinjewadi,1490,3,3,2025,1,17000000,-1,11409.395973154362,Hinjewadi,0.004,0.321,0.062,0.438,0.205,0.466,0.515,0.045,0.224,0.369,0.328,45,2026-01-16,2025-07-28,6,496.6666666666667,1,0,3BHK,0.0817,0.58005,0.4854415454535606,0.5757600757513389,50.2
232,Hinjewadi,1041,3,3,2023,0,9140000,1,8780.019212295869,Hinjewadi,0.004,0.321,0.062,0.438,0.205,0.466,0.515,0.045,0.224,0.369,0.328,45,2026-01-16,2025-07-28,6,347.0,1,0,3BHK,0.0817,0.58005,0.4854415454535606,-0.15279722986075073,63.9
233,Hinjewadi,989,3,3,2020,0,8970000,4,9069.767441860466,Hinjewadi,0.004,0.321,0.062,0.438,0.205,0.466,0.515,0.045,0.224,0.369,0.328,45,2026-01-16,2025-07-28,6,329.6666666666667,0,0,3BHK,0.0817,0.58005,0.4854415454535606,-0.16855483061826412,62.6
234,Hinjewadi,767,2,2,2022,0,7930000,2,10338.983050847457,Hinjewadi,0.004,0.321,0.062,0.438,0.205,0.466,0.515,0.045,0.224,0.369,0.328,45,2026-01-16,2025-07-28,4,383.5,1,0,2BHK,0.0817,0.58005,0.4854415454535606,-0.2649542705465813,68.0
235,Hinjewadi,1212,3,3,2024,0,14100000,0,11633.663366336634,Hinjewadi,0.004,0.321,0.062,0.438,0.205,0.466,0.515,0.045,0.224,0.369,0.328,45,2026-01-16,2025-07-28,6,404.0,1,0,3BHK,0.0817,0.58005,0.4854415454535606,0.30695394518199287,49.3
236,Hinjewadi,653,2,2,2022,0,7300000,2,11179.173047473201,Hinjewadi,0.004,0.321,0.062,0.438,0.205,0.466,0.515,0.045,0.224,0.369,0.328,45,2026-01-16,2025-07-28,4,326.5,1,0,2BHK,0.0817,0.58005,0.4854415454535606,-0.3233500851185427,69.0
237,Hinjewadi,1330,3,3,2018,0,18000000,6,13533.834586466166,Hinjewadi,0.004,0.321,0.062,0.438,0.205,0.466,0.515,0.045,0.224,0.369,0.328,45,2026-01-16,2025-07-28,6,443.3333333333333,0,0,3BHK,0.0817,0.58005,0.4854415454535606,0.6684518449131823,40.3
238,Hinjewadi,963,3,3,2020,1,11800000,4,12253.3748701973,Hinjewadi,0.004,0.321,0.062,0.438,0.205,0.466,0.515,0.045,0.224,0.369,0.328,45,2026-01-16,2025-07-28,6,321.0,0,0,3BHK,0.0817,0.58005,0.4854415454535606,0.09376287610975288,59.3
239,Hinjewadi,933,3,3,2021,1,10300000,3,11039.657020364415,Hinjewadi,0.004,0.321,0.062,0.438,0.205,0.466,0.515,0.045,0.224,0.369,0.328,45,2026-01-16,2025-07-28,6,311.0,1,0,3BHK,0.0817,0.58005,0.4854415454535606,-0.04527477763301231,64.5
240,Hinjewadi,805,2,3,2023,1,7150000,1,8881.987577639751,Hinjewadi,0.004,0.321,0.062,0.438,0.205,0.466,0.515,0.045,0.224,0.369,0.328,45,2026-01-16,2025-07-28,5,402.5,1,0,2BHK,0.0817,0.58005,0.4854415454535606,-0.33725385049281925,77.4
241,Hinjewadi,621,2,2,2024,0,7400000,0,11916.264090177134,Hinjewadi,0.004,0.321,0.062,0.438,0.205,0.466,0.515,0.045,0.224,0.369,0.328,45,2026-01-16,2025-07-28,4,310.5,1,0,2BHK,0.0817,0.58005,0.4854415454535606,-0.31408090820235834,69.4
242,Hinjewadi,795,2,2,2019,1,9900000,5,12452.830188679245,Hinjewadi,0.004,0.321,0.062,0.438,0.205,0.466,0.515,0.045,0.224,0.369,0.328,45,2026-01-16,2025-07-28,4,397.5,0,0,2BHK,0.0817,0.58005,0.4854415454535606,-0.0823514852977497,66.3
243,Hinjewadi,900,2,2,2022,1,8140000,2,9044.444444444445,Hinjewadi,0.004,0.321,0.062,0.438,0.205,0.466,0.515,0.045,0.224,0.369,0.328,45,2026-01-16,2025-07-28,4,450.0,1,0,2BHK,0.0817,0.58005,0.4854415454535606,-0.2454889990225942,74.5
244,Hinjewadi,768,2,2,2022,0,6790000,2,8841.145833333334,Hinjewadi,0.004,0.321,0.062,0.438,0.205,0.466,0.515,0.045,0.224,0.369,0.328,45,2026-01-16,2025-07-28,4,384.0,1,0,2BHK,0.0817,0.58005,0.4854415454535606,-0.3706228873910829,71.7
245,Hinjewadi,970,3,3,2025,1,13200000,-1,13608.247422680412,Hinjewadi,0.004,0.321,0.062,0.438,0.205,0.466,0.515,0.045,0.224,0.369,0.328,45,2026-01-16,2025-07-28,6,323.3333333333333,1,0,3BHK,0.0817,0.58005,0.4854415454535606,0.22353135293633375,56.8
246,Hinjewadi,856,2,2,2018,1,7700000,6,8995.327102803738,Hinjewadi,0.004,0.321,0.062,0.438,0.205,0.466,0.515,0.045,0.224,0.369,0.328,45,2026-01-16,2025-07-28,4,428.0,0,0,2BHK,0.0817,0.58005,0.4854415454535606,-0.2862733774538053,73.5
247,Hinjewadi,758,2,2,2025,1,7850000,-1,10356.200527704486,Hinjewadi,0.004,0.321,0.062,0.438,0.205,0.466,0.515,0.045,0.224,0.369,0.328,45,2026-01-16,2025-07-28,4,379.0,1,0,2BHK,0.0817,0.58005,0.4854415454535606,-0.2723696120795288,75.2
248,Hinjewadi,710,2,2,2024,1,9050000,0,12746.478873239437,Hinjewadi,0.004,0.321,0.062,0.438,0.205,0.466,0.515,0.045,0.224,0.369,0.328,45,2026-01-16,2025-07-28,4,355.0,1,0,2BHK,0.0817,0.58005,0.4854415454535606,-0.16113948908531664,70.8
249,Hinjewadi,1238,3,3,2018,0,10000000,6,8077.544426494345,Hinjewadi,0.004,0.321,0.062,0.438,0.205,0.466,0.515,0.045,0.224,0.369,0.328,45,2026-01-16,2025-07-28,6,412.6666666666667,0,0,3BHK,0.0817,0.58005,0.4854415454535606,-0.07308230838156535,59.8
250,Hinjewadi,1272,3,3,2026,0,14500000,-2,11399.37106918239,Hinjewadi,0.004,0.321,0.062,0.438,0.205,0.466,0.515,0.045,0.224,0.369,0.328,45,2026-01-16,2025-07-28,6,424.0,1,0,3BHK,0.0817,0.58005,0.4854415454535606,0.34403065284673023,48.4
251,Hinjewadi,679,2,2,2024,1,6450000,0,9499.263622974962,Hinjewadi,0.004,0.321,0.062,0.438,0.205,0.466,0.515,0.045,0.224,0.369,0.328,45,2026-01-16,2025-07-28,4,339.5,1,0,2BHK,0.0817,0.58005,0.4854415454535606,-0.40213808890610964,79.0
252,Hinjewadi,529,2,2,2018,1,4840000,6,9149.338374291116,Hinjewadi,0.004,0.321,0.062,0.438,0.205,0.466,0.515,0.045,0.224,0.369,0.328,45,2026-01-16,2025-07-28,4,264.5,0,0,2BHK,0.0817,0.58005,0.4854415454535606,-0.5513718372566776,78.1
253,Hinjewadi,850,2,3,2022,1,9590000,2,11282.35294117647,Hinjewadi,0.004,0.321,0.062,0.438,0.205,0.466,0.515,0.045,0.224,0.369,0.328,45,2026-01-16,2025-07-28,5,425.0,1,0,2BHK,0.0817,0.58005,0.4854415454535606,-0.11108593373792117,69.3
254,Hinjewadi,1150,3,3,2025,1,15600000,-1,13565.217391304348,Hinjewadi,0.004,0.321,0.062,0.438,0.205,0.466,0.515,0.045,0.224,0.369,0.328,45,2026-01-16,2025-07-28,6,383.3333333333333,1,0,3BHK,0.0817,0.58005,0.4854415454535606,0.44599159892475804,50.1
255,Hinjewadi,1041,3,4,2019,1,11000000,5,10566.762728146014,Hinjewadi,0.004,0.321,0.062,0.438,0.205,0.466,0.515,0.045,0.224,0.369,0.328,45,2026-01-16,2025-07-28,7,347.0,0,0,3BHK,0.0817,0.58005,0.4854415454535606,0.019609460780278115,61.9
256,Hinjewadi,979,3,3,2023,1,11900000,1,12155.260469867211,Hinjewadi,0.004,0.321,0.062,0.438,0.205,0.466,0.515,0.045,0.224,0.369,0.328,45,2026-01-16,2025-07-28,6,326.3333333333333,1,0,3BHK,0.0817,0.58005,0.4854415454535606,0.10303205302593724,60.6
257,Hinjewadi,790,2,2,2024,1,8900000,0,11265.822784810127,Hinjewadi,0.004,0.321,0.062,0.438,0.205,0.466,0.515,0.045,0.224,0.369,0.328,45,2026-01-16,2025-07-28,4,395.0,1,0,2BHK,0.0817,0.58005,0.4854415454535606,-0.17504325445959315,72.0
258,Hinjewadi,786,2,2,2026,0,8000000,-2,10178.117048346056,Hinjewadi,0.004,0.321,0.062,0.438,0.205,0.466,0.515,0.045,0.224,0.369,0.328,45,2026-01-16,2025-07-28,4,393.0,1,0,2BHK,0.0817,0.58005,0.4854415454535606,-0.2584658467052523,68.9
259,Hinjewadi,688,2,3,2020,0,6800000,4,9883.720930232557,Hinjewadi,0.004,0.321,0.062,0.438,0.205,0.466,0.515,0.045,0.224,0.369,0.328,45,2026-01-16,2025-07-28,5,344.0,0,0,2BHK,0.0817,0.58005,0.4854415454535606,-0.36969596969946444,69.9
260,Hinjewadi,1201,3,3,2018,1,15300000,6,12739.383846794339,Hinjewadi,0.004,0.321,0.062,0.438,0.205,0.466,0.515,0.045,0.224,0.369,0.328,45,2026-01-16,2025-07-28,6,400.3333333333333,0,0,3BHK,0.0817,0.58005,0.4854415454535606,0.418184068176205,48.4
261,Kharadi,950,2,2,2023,0,17000000,1,17894.736842105263,Kharadi,-0.047,0.358,0.221,0.533,0.062,0.428,0.498,0.057,0.076,0.412,0.358,36,2026-01-11,2025-07-28,4,475.0,1,0,2BHK,0.06609999999999999,0.5239,0.5879909220823166,0.30093744258463373,48.4
262,Kharadi,754,2,2,2024,1,11500000,0,15251.989389920425,Kharadi,-0.047,0.358,0.221,0.533,0.062,0.428,0.498,0.057,0.076,0.412,0.358,36,2026-01-11,2025-07-28,4,377.0,1,0,2BHK,0.06609999999999999,0.5239,0.5879909220823166,-0.11995408295745363,67.8
263,Kharadi,1368,3,3,2018,1,23900000,6,17470.76023391813,Kharadi,-0.047,0.358,0.221,0.533,0.062,0.428,0.498,0.057,0.076,0.412,0.358,36,2026-01-11,2025-07-28,6,456.0,0,0,3BHK,0.06609999999999999,0.5239,0.5879909220823166,0.8289649928101616,44.5
264,Kharadi,1200,3,3,2019,0,18500000,5,15416.666666666666,Kharadi,-0.047,0.358,0.221,0.533,0.062,0.428,0.498,0.057,0.076,0.412,0.358,36,2026-01-11,2025-07-28,6,400.0,0,0,3BHK,0.06609999999999999,0.5239,0.5879909220823166,0.4157260404597485,41.0
265,Kharadi,800,2,3,2024,0,12000000,0,15000.0,Kharadi,-0.047,0.358,0.221,0.533,0.062,0.428,0.498,0.057,0.076,0.412,0.358,36,2026-01-11,2025-07-28,5,400.0,1,0,2BHK,0.06609999999999999,0.5239,0.5879909220823166,-0.08169121699908205,60.9
266,Kharadi,950,2,2,2023,1,17500000,1,18421.052631578947,Kharadi,-0.047,0.358,0.221,0.533,0.062,0.428,0.498,0.057,0.076,0.412,0.358,36,2026-01-11,2025-07-28,4,475.0,1,0,2BHK,0.06609999999999999,0.5239,0.5879909220823166,0.3392003085430053,53.0
267,Kharadi,2200,3,3,2023,1,44000000,1,20000.0,Kharadi,-0.047,0.358,0.221,0.533,0.062,0.428,0.498,0.057,0.076,0.412,0.358,36,2026-01-11,2025-07-28,6,733.3333333333334,1,0,3BHK,0.06609999999999999,0.5239,0.5879909220823166,2.367132204336699,47.8
268,Kharadi,1721,3,3,2021,1,37800000,3,21963.974433468913,Kharadi,-0.047,0.358,0.221,0.533,0.062,0.428,0.498,0.057,0.076,0.412,0.358,36,2026-01-11,2025-07-28,6,573.6666666666666,1,0,3BHK,0.06609999999999999,0.5239,0.5879909220823166,1.8926726664528915,46.8
269,Kharadi,1450,3,3,2019,1,24000000,5,16551.724137931036,Kharadi,-0.047,0.358,0.221,0.533,0.062,0.428,0.498,0.057,0.076,0.412,0.358,36,2026-01-11,2025-07-28,6,483.3333333333333,0,0,3BHK,0.06609999999999999,0.5239,0.5879909220823166,0.8366175660018359,45.5
270,Kharadi,815,2,2,2024,0,11500000,0,14110.42944785276,Kharadi,-0.047,0.358,0.221,0.533,0.062,0.428,0.498,0.057,0.076,0.412,0.358,36,2026-01-11,2025-07-28,4,407.5,1,0,2BHK,0.06609999999999999,0.5239,0.5879909220823166,-0.11995408295745363,62.4
271,Kharadi,796,2,2,2024,1,13500000,0,16959.798994974873,Kharadi,-0.047,0.358,0.221,0.533,0.062,0.428,0.498,0.057,0.076,0.412,0.358,36,2026-01-11,2025-07-28,4,398.0,1,0,2BHK,0.06609999999999999,0.5239,0.5879909220823166,0.033097380876032687,62.8
272,Kharadi,1000,2,2,2025,1,12000000,-1,12000.0,Kharadi,-0.047,0.358,0.221,0.533,0.062,0.428,0.498,0.057,0.076,0.412,0.358,36,2026-01-11,2025-07-28,4,500.0,1,0,2BHK,0.06609999999999999,0.5239,0.5879909220823166,-0.08169121699908205,68.7
273,Kharadi,1500,3,3,2022,0,25000000,2,16666.666666666668,Kharadi,-0.047,0.358,0.221,0.533,0.062,0.428,0.498,0.057,0.076,0.412,0.358,36,2026-01-11,2025-07-28,6,500.0,1,0,3BHK,0.06609999999999999,0.5239,0.5879909220823166,0.9131432979185791,41.3
274,Kharadi,970,2,3,2020,1,12000000,4,12371.134020618556,Kharadi,-0.047,0.358,0.221,0.533,0.062,0.428,0.498,0.057,0.076,0.412,0.358,36,2026-01-11,2025-07-28,5,485.0,0,0,2BHK,0.06609999999999999,0.5239,0.5879909220823166,-0.08169121699908205,66.4
275,Kharadi,950,3,4,2020,1,11000000,4,11578.947368421053,Kharadi,-0.047,0.358,0.221,0.533,0.062,0.428,0.498,0.057,0.076,0.412,0.358,36,2026-01-11,2025-07-28,7,316.6666666666667,0,0,3BHK,0.06609999999999999,0.5239,0.5879909220823166,-0.15821694891582522,66.1
276,Kharadi,1215,3,4,2025,1,17500000,-1,14403.292181069959,Kharadi,-0.047,0.358,0.221,0.533,0.062,0.428,0.498,0.057,0.076,0.412,0.358,36,2026-01-11,2025-07-28,7,405.0,1,0,3BHK,0.06609999999999999,0.5239,0.5879909220823166,0.3392003085430053,52.3
277,Kharadi,1324,3,4,2019,0,16399999,5,12386.706193353475,Kharadi,-0.047,0.358,0.221,0.533,0.062,0.428,0.498,0.057,0.076,0.412,0.358,36,2026-01-11,2025-07-28,7,441.3333333333333,0,0,3BHK,0.06609999999999999,0.5239,0.5879909220823166,0.25502192690885594,47.4
278,Kharadi,1250,3,3,2018,0,21500000,6,17200.0,Kharadi,-0.047,0.358,0.221,0.533,0.062,0.428,0.498,0.057,0.076,0.412,0.358,36,2026-01-11,2025-07-28,6,416.6666666666667,0,0,3BHK,0.06609999999999999,0.5239,0.5879909220823166,0.645303236209978,37.8
279,Kharadi,700,2,2,2021,1,9900000,3,14142.857142857143,Kharadi,-0.047,0.358,0.221,0.533,0.062,0.428,0.498,0.057,0.076,0.412,0.358,36,2026-01-11,2025-07-28,4,350.0,1,0,2BHK,0.06609999999999999,0.5239,0.5879909220823166,-0.2423952540242427,70.1
280,Kharadi,950,2,2,2018,0,11000000,6,11578.947368421053,Kharadi,-0.047,0.358,0.221,0.533,0.062,0.428,0.498,0.057,0.076,0.412,0.358,36,2026-01-11,2025-07-28,4,475.0,0,0,2BHK,0.06609999999999999,0.5239,0.5879909220823166,-0.15821694891582522,61.9
281,Kharadi,890,2,3,2019,1,11000000,5,12359.550561797752,Kharadi,-0.047,0.358,0.221,0.533,0.062,0.428,0.498,0.057,0.076,0.412,0.358,36,2026-01-11,2025-07-28,5,445.0,0,0,2BHK,0.06609999999999999,0.5239,0.5879909220823166,-0.15821694891582522,67.9
282,Kharadi,750,2,2,2023,1,11900000,1,15866.666666666666,Kharadi,-0.047,0.358,0.221,0.533,0.062,0.428,0.498,0.057,0.076,0.412,0.358,36,2026-01-11,2025-07-28,4,375.0,1,0,2BHK,0.06609999999999999,0.5239,0.5879909220823166,-0.08934379019075638,66.2
283,Kharadi,750,2,2,2018,1,8000000,6,10666.666666666666,Kharadi,-0.047,0.358,0.221,0.533,0.062,0.428,0.498,0.057,0.076,0.412,0.358,36,2026-01-11,2025-07-28,4,375.0,0,0,2BHK,0.06609999999999999,0.5239,0.5879909220823166,-0.3877941446660547,74.2
284,Kharadi,732,2,3,2021,1,11500000,3,15710.382513661201,Kharadi,-0.047,0.358,0.221,0.533,0.062,0.428,0.498,0.057,0.076,0.412,0.358,36,2026-01-11,2025-07-28,5,366.0,1,0,2BHK,0.06609999999999999,0.5239,0.5879909220823166,-0.11995408295745363,66.1
285,Kharadi,862,2,2,2025,0,13200000,-1,15313.22505800464,Kharadi,-0.047,0.358,0.221,0.533,0.062,0.428,0.498,0.057,0.076,0.412,0.358,36,2026-01-11,2025-07-28,4,431.0,1,0,2BHK,0.06609999999999999,0.5239,0.5879909220823166,0.01013966130100974,58.2
286,Kharadi,1370,3,3,2021,0,27500000,3,20072.992700729927,Kharadi,-0.047,0.358,0.221,0.533,0.062,0.428,0.498,0.057,0.076,0.412,0.358,36,2026-01-11,2025-07-28,6,456.6666666666667,1,0,3BHK,0.06609999999999999,0.5239,0.5879909220823166,1.104457627710437,40.1
287,Kharadi,776,2,2,2023,1,11500000,1,14819.58762886598,Kharadi,-0.047,0.358,0.221,0.533,0.062,0.428,0.498,0.057,0.076,0.412,0.358,36,2026-01-11,2025-07-28,4,388.0,1,0,2BHK,0.06609999999999999,0.5239,0.5879909220823166,-0.11995408295745363,67.5
288,Kharadi,896,2,2,2024,1,11800000,0,13169.642857142857,Kharadi,-0.047,0.358,0.221,0.533,0.062,0.428,0.498,0.057,0.076,0.412,0.358,36,2026-01-11,2025-07-28,4,448.0,1,0,2BHK,0.06609999999999999,0.5239,0.5879909220823166,-0.09699636338243069,68.3
289,Kharadi,1463,3,3,2021,0,16299999,3,11141.489405331511,Kharadi,-0.047,0.358,0.221,0.533,0.062,0.428,0.498,0.057,0.076,0.412,0.358,36,2026-01-11,2025-07-28,6,487.6666666666667,1,0,3BHK,0.06609999999999999,0.5239,0.5879909220823166,0.24736935371718163,49.5
290,Kharadi,848,2,2,2026,1,15000000,-2,17688.67924528302,Kharadi,-0.047,0.358,0.221,0.533,0.062,0.428,0.498,0.057,0.076,0.412,0.358,36,2026-01-11,2025-07-28,4,424.0,1,0,2BHK,0.06609999999999999,0.5239,0.5879909220823166,0.14788597875114742,59.3
291,Kharadi,832,2,2,2025,1,11800000,-1,14182.692307692309,Kharadi,-0.047,0.358,0.221,0.533,0.062,0.428,0.498,0.057,0.076,0.412,0.358,36,2026-01-11,2025-07-28,4,416.0,1,0,2BHK,0.06609999999999999,0.5239,0.5879909220823166,-0.09699636338243069,67.7
292,Kharadi,850,2,3,2021,1,9000000,3,10588.235294117647,Kharadi,-0.047,0.358,0.221,0.533,0.062,0.428,0.498,0.057,0.076,0.412,0.358,36,2026-01-11,2025-07-28,5,425.0,1,0,2BHK,0.06609999999999999,0.5239,0.5879909220823166,-0.31126841274931155,73.9
293,Kharadi,1742,3,3,2022,1,30000000,2,17221.58438576349,Kharadi,-0.047,0.358,0.221,0.533,0.062,0.428,0.498,0.057,0.076,0.412,0.358,36,2026-01-11,2025-07-28,6,580.6666666666666,1,0,3BHK,0.06609999999999999,0.5239,0.5879909220823166,1.2957719575022948,47.3
294,Kharadi,1080,3,4,2026,1,17000000,-2,15740.74074074074,Kharadi,-0.047,0.358,0.221,0.533,0.062,0.428,0.498,0.057,0.076,0.412,0.358,36,2026-01-11,2025-07-28,7,360.0,1,0,3BHK,0.06609999999999999,0.5239,0.5879909220823166,0.30093744258463373,52.8
295,Kharadi,820,2,2,2021,1,11100000,3,13536.585365853658,Kharadi,-0.047,0.358,0.221,0.533,0.062,0.428,0.498,0.057,0.076,0.412,0.358,36,2026-01-11,2025-07-28,4,410.0,1,0,2BHK,0.06609999999999999,0.5239,0.5879909220823166,-0.1505643757241509,68.0
296,Kharadi,850,2,2,2023,1,11600000,1,13647.058823529413,Kharadi,-0.047,0.358,0.221,0.533,0.062,0.428,0.498,0.057,0.076,0.412,0.358,36,2026-01-11,2025-07-28,4,425.0,1,0,2BHK,0.06609999999999999,0.5239,0.5879909220823166,-0.11230150976577932,67.9
297,Kharadi,1500,3,3,2024,1,23000000,0,15333.333333333334,Kharadi,-0.047,0.358,0.221,0.533,0.062,0.428,0.498,0.057,0.076,0.412,0.358,36,2026-01-11,2025-07-28,6,500.0,1,0,3BHK,0.06609999999999999,0.5239,0.5879909220823166,0.7600918340850927,48.3
298,Kharadi,1040,2,3,2019,0,15000000,5,14423.076923076924,Kharadi,-0.047,0.358,0.221,0.533,0.062,0.428,0.498,0.057,0.076,0.412,0.358,36,2026-01-11,2025-07-28,5,520.0,0,0,2BHK,0.06609999999999999,0.5239,0.5879909220823166,0.14788597875114742,52.2
299,Kharadi,2025,3,3,2022,1,41800000,2,20641.975308641977,Kharadi,-0.047,0.358,0.221,0.533,0.062,0.428,0.498,0.057,0.076,0.412,0.358,36,2026-01-11,2025-07-28,6,675.0,1,0,3BHK,0.06609999999999999,0.5239,0.5879909220823166,2.198775594119864,47.3
300,Kharadi,1997,3,3,2024,1,18000000,0,9013.520280420631,Kharadi,-0.047,0.358,0.221,0.533,0.062,0.428,0.498,0.057,0.076,0.412,0.358,36,2026-01-11,2025-07-28,6,665.6666666666666,1,0,3BHK,0.06609999999999999,0.5239,0.5879909220823166,0.3774631745013769,52.6
301,Kharadi,1237,3,3,2022,1,16200000,2,13096.200485044463,Kharadi,-0.047,0.358,0.221,0.533,0.062,0.428,0.498,0.057,0.076,0.412,0.358,36,2026-01-11,2025-07-28,6,412.3333333333333,1,0,3BHK,0.06609999999999999,0.5239,0.5879909220823166,0.2397168570512392,54.9
302,Kharadi,1400,3,3,2020,0,11500000,4,8214.285714285714,Kharadi,-0.047,0.358,0.221,0.533,0.062,0.428,0.498,0.057,0.076,0.412,0.358,36,2026-01-11,2025-07-28,6,466.6666666666667,0,0,3BHK,0.06609999999999999,0.5239,0.5879909220823166,-0.11995408295745363,61.4
303,Kharadi,865,2,2,2019,1,3300000,5,3815.0289017341042,Kharadi,-0.047,0.358,0.221,0.533,0.062,0.428,0.498,0.057,0.076,0.412,0.358,36,2026-01-11,2025-07-28,4,432.5,0,0,2BHK,0.06609999999999999,0.5239,0.5879909220823166,-0.7474650846747476,79.6
304,Kharadi,842,2,2,2021,0,8000000,3,9501.187648456056,Kharadi,-0.047,0.358,0.221,0.533,0.062,0.428,0.498,0.057,0.076,0.412,0.358,36,2026-01-11,2025-07-28,4,421.0,1,0,2BHK,0.06609999999999999,0.5239,0.5879909220823166,-0.3877941446660547,70.5
305,Kharadi,677,2,2,2019,0,7200000,5,10635.155096011817,Kharadi,-0.047,0.358,0.221,0.533,0.062,0.428,0.498,0.057,0.076,0.412,0.358,36,2026-01-11,2025-07-28,4,338.5,0,0,2BHK,0.06609999999999999,0.5239,0.5879909220823166,-0.4490147301994492,70.1
306,Kharadi,776,2,2,2020,1,7500000,4,9664.948453608247,Kharadi,-0.047,0.358,0.221,0.533,0.062,0.428,0.498,0.057,0.076,0.412,0.358,36,2026-01-11,2025-07-28,4,388.0,0,0,2BHK,0.06609999999999999,0.5239,0.5879909220823166,-0.4260570106244263,76.7
307,Kharadi,708,2,2,2026,0,6800000,-2,9604.5197740113,Kharadi,-0.047,0.358,0.221,0.533,0.062,0.428,0.498,0.057,0.076,0.412,0.358,36,2026-01-11,2025-07-28,4,354.0,1,0,2BHK,0.06609999999999999,0.5239,0.5879909220823166,-0.4796250229661465,74.0
308,Kharadi,742,2,3,2026,1,7500000,-2,10107.816711590296,Kharadi,-0.047,0.358,0.221,0.533,0.062,0.428,0.498,0.057,0.076,0.412,0.358,36,2026-01-11,2025-07-28,5,371.0,1,0,2BHK,0.06609999999999999,0.5239,0.5879909220823166,-0.4260570106244263,78.4
309,Kharadi,828,2,2,2019,1,10000000,5,12077.294685990339,Kharadi,-0.047,0.358,0.221,0.533,0.062,0.428,0.498,0.057,0.076,0.412,0.358,36,2026-01-11,2025-07-28,4,414.0,0,0,2BHK,0.06609999999999999,0.5239,0.5879909220823166,-0.23474268083256838,70.0
310,Kharadi,1045,2,2,2023,1,7300000,1,6985.645933014354,Kharadi,-0.047,0.358,0.221,0.533,0.062,0.428,0.498,0.057,0.076,0.412,0.358,36,2026-01-11,2025-07-28,4,522.5,1,0,2BHK,0.06609999999999999,0.5239,0.5879909220823166,-0.4413621570077749,80.8
311,Kharadi,1045,2,2,2026,1,7000000,-2,6698.564593301436,Kharadi,-0.047,0.358,0.221,0.533,0.062,0.428,0.498,0.057,0.076,0.412,0.358,36,2026-01-11,2025-07-28,4,522.5,1,0,2BHK,0.06609999999999999,0.5239,0.5879909220823166,-0.4643198765827979,82.1
312,Kharadi,1067,2,2,2021,0,7400000,3,6935.332708528585,Kharadi,-0.047,0.358,0.221,0.533,0.062,0.428,0.498,0.057,0.076,0.412,0.358,36,2026-01-11,2025-07-28,4,533.5,1,0,2BHK,0.06609999999999999,0.5239,0.5879909220823166,-0.4337095838161006,73.5
313,Kharadi,1260,2,3,2023,1,8100000,1,6428.571428571428,Kharadi,-0.047,0.358,0.221,0.533,0.062,0.428,0.498,0.057,0.076,0.412,0.358,36,2026-01-11,2025-07-28,5,630.0,1,0,2BHK,0.06609999999999999,0.5239,0.5879909220823166,-0.3801415714743804,78.6
314,Kharadi,1080,2,3,2024,1,14500000,0,13425.925925925925,Kharadi,-0.047,0.358,0.221,0.533,0.062,0.428,0.498,0.057,0.076,0.412,0.358,36,2026-01-11,2025-07-28,5,540.0,1,0,2BHK,0.06609999999999999,0.5239,0.5879909220823166,0.10962311279277585,62.0
315,Kharadi,756,2,2,2018,0,7200000,6,9523.809523809523,Kharadi,-0.047,0.358,0.221,0.533,0.062,0.428,0.498,0.057,0.076,0.412,0.358,36,2026-01-11,2025-07-28,4,378.0,0,0,2BHK,0.06609999999999999,0.5239,0.5879909220823166,-0.4490147301994492,70.4
316,Kharadi,1250,2,3,2020,0,7100000,4,5680.0,Kharadi,-0.047,0.358,0.221,0.533,0.062,0.428,0.498,0.057,0.076,0.412,0.358,36,2026-01-11,2025-07-28,5,625.0,0,0,2BHK,0.06609999999999999,0.5239,0.5879909220823166,-0.45666730339112355,73.8
317,Kharadi,899,2,2,2022,1,9500000,2,10567.296996662959,Kharadi,-0.047,0.358,0.221,0.533,0.062,0.428,0.498,0.057,0.076,0.412,0.358,36,2026-01-11,2025-07-28,4,449.5,1,0,2BHK,0.06609999999999999,0.5239,0.5879909220823166,-0.27300554679093997,73.5
318,Kharadi,541,2,2,2022,0,7900000,2,14602.587800369685,Kharadi,-0.047,0.358,0.221,0.533,0.062,0.428,0.498,0.057,0.076,0.412,0.358,36,2026-01-11,2025-07-28,4,270.5,1,0,2BHK,0.06609999999999999,0.5239,0.5879909220823166,-0.395446717857729,68.5
319,Kharadi,1055,3,4,2018,1,12000000,6,11374.40758293839,Kharadi,-0.047,0.358,0.221,0.533,0.062,0.428,0.498,0.057,0.076,0.412,0.358,36,2026-01-11,2025-07-28,7,351.6666666666667,0,0,3BHK,0.06609999999999999,0.5239,0.5879909220823166,-0.08169121699908205,63.0
320,Kharadi,612,2,2,2022,1,9500000,2,15522.875816993464,Kharadi,-0.047,0.358,0.221,0.533,0.062,0.428,0.498,0.057,0.076,0.412,0.358,36,2026-01-11,2025-07-28,4,306.0,1,0,2BHK,0.06609999999999999,0.5239,0.5879909220823166,-0.27300554679093997,70.9
321,Kharadi,842,2,2,2024,1,8100000,0,9619.952494061758,Kharadi,-0.047,0.358,0.221,0.533,0.062,0.428,0.498,0.057,0.076,0.412,0.358,36,2026-01-11,2025-07-28,4,421.0,1,0,2BHK,0.06609999999999999,0.5239,0.5879909220823166,-0.3801415714743804,77.7
322,Kharadi,1350,2,2,2018,1,9100000,6,6740.740740740741,Kharadi,-0.047,0.358,0.221,0.533,0.062,0.428,0.498,0.057,0.076,0.412,0.358,36,2026-01-11,2025-07-28,4,675.0,0,0,2BHK,0.06609999999999999,0.5239,0.5879909220823166,-0.3036158395576372,73.5
323,Kharadi,1285,2,3,2024,1,8500000,0,6614.785992217899,Kharadi,-0.047,0.358,0.221,0.533,0.062,0.428,0.498,0.057,0.076,0.412,0.358,36,2026-01-11,2025-07-28,5,642.5,1,0,2BHK,0.06609999999999999,0.5239,0.5879909220823166,-0.34953127870768314,78.1
324,Kharadi,1080,2,2,2018,0,7500000,6,6944.444444444444,Kharadi,-0.047,0.358,0.221,0.533,0.062,0.428,0.498,0.057,0.076,0.412,0.358,36,2026-01-11,2025-07-28,4,540.0,0,0,2BHK,0.06609999999999999,0.5239,0.5879909220823166,-0.4260570106244263,71.7
325,Kharadi,792,2,2,2024,1,7500000,0,9469.69696969697,Kharadi,-0.047,0.358,0.221,0.533,0.062,0.428,0.498,0.057,0.076,0.412,0.358,36,2026-01-11,2025-07-28,4,396.0,1,0,2BHK,0.06609999999999999,0.5239,0.5879909220823166,-0.4260570106244263,78.9
326,Kharadi,590,2,2,2023,1,8000000,1,13559.322033898305,Kharadi,-0.047,0.358,0.221,0.533,0.062,0.428,0.498,0.057,0.076,0.412,0.358,36,2026-01-11,2025-07-28,4,295.0,1,0,2BHK,0.06609999999999999,0.5239,0.5879909220823166,-0.3877941446660547,75.2
327,Kharadi,490,2,2,2020,0,6500000,4,13265.30612244898,Kharadi,-0.047,0.358,0.221,0.533,0.062,0.428,0.498,0.057,0.076,0.412,0.358,36,2026-01-11,2025-07-28,4,245.0,0,0,2BHK,0.06609999999999999,0.5239,0.5879909220823166,-0.5025827425411694,70.7
328,Kharadi,750,2,2,2026,1,9000000,-2,12000.0,Kharadi,-0.047,0.358,0.221,0.533,0.062,0.428,0.498,0.057,0.076,0.412,0.358,36,2026-01-11,2025-07-28,4,375.0,1,0,2BHK,0.06609999999999999,0.5239,0.5879909220823166,-0.31126841274931155,74.5
329,Kharadi,726,2,2,2025,0,9000000,-1,12396.694214876034,Kharadi,-0.047,0.358,0.221,0.533,0.062,0.428,0.498,0.057,0.076,0.412,0.358,36,2026-01-11,2025-07-28,4,363.0,1,0,2BHK,0.06609999999999999,0.5239,0.5879909220823166,-0.31126841274931155,68.3
330,Kharadi,576,2,2,2025,1,6600000,-1,11458.333333333334,Kharadi,-0.047,0.358,0.221,0.533,0.062,0.428,0.498,0.057,0.076,0.412,0.358,36,2026-01-11,2025-07-28,4,288.0,1,0,2BHK,0.06609999999999999,0.5239,0.5879909220823166,-0.49493016934949513,79.3
331,Kharadi,721,2,2,2026,1,9000000,-2,12482.662968099861,Kharadi,-0.047,0.358,0.221,0.533,0.062,0.428,0.498,0.057,0.076,0.412,0.358,36,2026-01-11,2025-07-28,4,360.5,1,0,2BHK,0.06609999999999999,0.5239,0.5879909220823166,-0.31126841274931155,74.2
332,Kharadi,1250,2,2,2018,1,9000000,6,7200.0,Kharadi,-0.047,0.358,0.221,0.533,0.062,0.428,0.498,0.057,0.076,0.412,0.358,36,2026-01-11,2025-07-28,4,625.0,0,0,2BHK,0.06609999999999999,0.5239,0.5879909220823166,-0.31126841274931155,73.7
333,Kharadi,1150,2,2,2026,1,7300000,-2,6347.826086956522,Kharadi,-0.047,0.358,0.221,0.533,0.062,0.428,0.498,0.057,0.076,0.412,0.358,36,2026-01-11,2025-07-28,4,575.0,1,0,2BHK,0.06609999999999999,0.5239,0.5879909220823166,-0.4413621570077749,81.3
334,Kharadi,796,2,3,2018,1,9000000,6,11306.532663316582,Kharadi,-0.047,0.358,0.221,0.533,0.062,0.428,0.498,0.057,0.076,0.412,0.358,36,2026-01-11,2025-07-28,5,398.0,0,0,2BHK,0.06609999999999999,0.5239,0.5879909220823166,-0.31126841274931155,71.9
335,Kharadi,691,2,2,2018,1,9000000,6,13024.602026049204,Kharadi,-0.047,0.358,0.221,0.533,0.062,0.428,0.498,0.057,0.076,0.412,0.358,36,2026-01-11,2025-07-28,4,345.5,0,0,2BHK,0.06609999999999999,0.5239,0.5879909220823166,-0.31126841274931155,70.9
336,Kharadi,936,3,4,2026,1,11000000,-2,11752.136752136752,Kharadi,-0.047,0.358,0.221,0.533,0.062,0.428,0.498,0.057,0.076,0.412,0.358,36,2026-01-11,2025-07-28,7,312.0,1,0,3BHK,0.06609999999999999,0.5239,0.5879909220823166,-0.15821694891582522,68.0
337,Kharadi,1080,3,3,2023,1,14500000,1,13425.925925925925,Kharadi,-0.047,0.358,0.221,0.533,0.062,0.428,0.498,0.057,0.076,0.412,0.358,36,2026-01-11,2025-07-28,6,360.0,1,0,3BHK,0.06609999999999999,0.5239,0.5879909220823166,0.10962311279277585,59.0
338,Kharadi,1688,3,3,2025,1,24000000,-1,14218.009478672986,Kharadi,-0.047,0.358,0.221,0.533,0.062,0.428,0.498,0.057,0.076,0.412,0.358,36,2026-01-11,2025-07-28,6,562.6666666666666,1,0,3BHK,0.06609999999999999,0.5239,0.5879909220823166,0.8366175660018359,48.3
339,Kharadi,793,2,2,2022,0,8570000,2,10807.061790668347,Kharadi,-0.047,0.358,0.221,0.533,0.062,0.428,0.498,0.057,0.076,0.412,0.358,36,2026-01-11,2025-07-28,4,396.5,1,0,2BHK,0.06609999999999999,0.5239,0.5879909220823166,-0.3441744774735111,69.0
340,Kharadi,900,2,2,2024,1,12900000,0,14333.333333333334,Kharadi,-0.047,0.358,0.221,0.533,0.062,0.428,0.498,0.057,0.076,0.412,0.358,36,2026-01-11,2025-07-28,4,450.0,1,0,2BHK,0.06609999999999999,0.5239,0.5879909220823166,-0.01281805827401321,65.4
341,Kharadi,812,2,2,2022,1,8600000,2,10591.133004926109,Kharadi,-0.047,0.358,0.221,0.533,0.062,0.428,0.498,0.057,0.076,0.412,0.358,36,2026-01-11,2025-07-28,4,406.0,1,0,2BHK,0.06609999999999999,0.5239,0.5879909220823166,-0.3418787055160088,75.1
342,Kharadi,835,2,2,2025,0,10000000,-1,11976.047904191617,Kharadi,-0.047,0.358,0.221,0.533,0.062,0.428,0.498,0.057,0.076,0.412,0.358,36,2026-01-11,2025-07-28,4,417.5,1,0,2BHK,0.06609999999999999,0.5239,0.5879909220823166,-0.23474268083256838,66.6
343,Kharadi,684,2,2,2022,1,7500000,2,10964.912280701754,Kharadi,-0.047,0.358,0.221,0.533,0.062,0.428,0.498,0.057,0.076,0.412,0.358,36,2026-01-11,2025-07-28,4,342.0,1,0,2BHK,0.06609999999999999,0.5239,0.5879909220823166,-0.4260570106244263,76.9
344,Kharadi,599,2,3,2022,0,8500000,2,14190.317195325542,Kharadi,-0.047,0.358,0.221,0.533,0.062,0.428,0.498,0.057,0.076,0.412,0.358,36,2026-01-11,2025-07-28,5,299.5,1,0,2BHK,0.06609999999999999,0.5239,0.5879909220823166,-0.34953127870768314,67.5
